"Aconitum variegatum";"Actaea spicata";"Aegopodium podagraria";"Agrostis canina";"Agrostis capillaris";"Agrostis gigantea";"Agrostis stolonifera";"Ajuga reptans";"Alliaria petiolata";"Allium ursinum";"Alopecurus pratensis";"Anemone nemorosa";"Angelica sylvestris";"Anthoxanthum odoratum";"Anthriscus nitida";"Anthriscus sylvestris";"Artemisia vulgaris";"Asarum europaeum";"Athyrium filix-femina";"Brachypodium sylvaticum";"Calamagrostis arundinacea";"Calamagrostis canescens";"Calamagrostis villosa";"Caltha palustris";"Calystegia sepium";"Campanula latifolia";"Campanula patula";"Campanula trachelium";"Cardamine amara";"Cardamine hirsuta";"Cardaminopsis halleri";"Carduus personata";"Carex brizoides";"Carex canescens";"Carex echinata";"Carex flava";"Carex pallescens";"Carex panicea";"Carex paniculata";"Carex pendula";"Carex remota";"Carex sylvatica";"Carex vesicaria";"Chaerophyllum aromaticum";"Chaerophyllum hirsutum";"Chamaenerion angustifolium";"Chrysosplenium alternifolium";"Chrysosplenium oppositifolium";"Circaea alpina";"Circaea lutetiana";"Circaea x intermedia";"Cirsium arvense";"Cirsium oleraceum";"Cirsium palustre";"Cirsium rivulare";"Crepis paludosa";"Dactylis glomerata";"Dactylorhiza fuchsii";"Dentaria bulbifera";"Deschampsia cespitosa";"Doronicum austriacum";"Dryopteris austriaca  s. l.";"Dryopteris filix-mas";"Dryopteris spinulosa s.l.";"Elymus caninus";"Epilobium montanum";"Epilobium palustre";"Equisetum arvense";"Equisetum fluviatile";"Equisetum palustre";"Equisetum sylvaticum";"Euphorbia dulcis";"Festuca altissima";"Festuca gigantea";"Ficaria verna";"Filipendula ulmaria";"Fragaria vesca";"Galeobdolon luteum";"Galeopsis pubescens";"Galeopsis speciosa";"Galeopsis tetrahit s.l.";"Galium aparine";"Galium odoratum";"Galium palustre s.l.";"Geranium phaeum";"Geranium robertianum";"Geranium sylvaticum";"Geum rivale";"Geum urbanum";"Glechoma hederacea";"Glyceria fluitans";"Gymnocarpium dryopteris";"Heracleum sphondylium";"Holcus mollis";"Hordelymus europaeus";"Humulus lupulus";"Hypericum maculatum";"Impatiens glandulifera";"Impatiens noli-tangere";"Impatiens parviflora";"Juncus effusus";"Lamium maculatum";"Lapsana communis";"Lilium martagon";"Lunaria rediviva";"Luzula luzuloides";"Luzula pallescens";"Lychnis flos-cuculi";"Lycopus europaeus";"Lysimachia nemorum";"Lysimachia nummularia";"Lysimachia vulgaris";"Maianthemum bifolium";"Melandrium rubrum";"Melica nutans";"Mentha x verticillata";"Mercurialis perennis";"Milium effusum";"Moehringia trinervia";"Mulgedium alpinum";"Mycelis muralis";"Myosotis palustris s.l.";"Oxalis acetosella";"Paris quadrifolia";"Petasites albus";"Petasites hybridus";"Phalaris arundinacea";"Phegopteris polypodioides";"Phragmites australis";"Phyteuma spicatum";"Poa nemoralis";"Poa palustris";"Poa remota";"Poa trivialis";"Polygonatum multiflorum";"Polygonatum verticillatum";"Polygonum bistorta";"Populus tremula";"Prenanthes purpurea";"Primula elatior";"Prunella vulgaris";"Pulmonaria officinalis";"Ranunculus acris";"Ranunculus flammula";"Ranunculus lanuginosus";"Ranunculus platanifolius";"Ranunculus repens";"Reynoutria japonica";"Sanguisorba officinalis";"Sanicula europaea";"Scirpus sylvaticus";"Scrophularia nodosa";"Scutellaria galericulata";"Senecio nemorensis s.l.";"Solanum dulcamara";"Solidago virgaurea";"Stachys sylvatica";"Stellaria holostea";"Stellaria media";"Stellaria nemorum";"Stellaria uliginosa";"Symphytum officinale";"Tanacetum vulgare";"Taraxacum officinale";"Thalictrum aquilegifolium";"Urtica dioica";"Vaccinium myrtillus";"Valeriana dioica";"Valeriana sambucifolia";"Veratrum lobelianum";"Veronica beccabunga";"Veronica chamaedrys";"Veronica montana";"Vicia sepium";"Vinca minor";"Viola palustris";"Viola reichenbachiana"
"sp_1";0;0;0;0;0;0;0;0;0;0;0;0;0;0;0;0;0;0.1;0;0;0;0;0;0;0;0;0;0;0;0;0;0;0;0;0;0;0;0;0;0;0;0;0;0;0;0;0;0;0;0;0;0;0;0;0;0;0;0;0;0;0;0;0.1;0.5;0;0;0;0.5;0;0;0;0;0;0;0;0;0;1;0;0.1;0;0;0;0;0;0;0;0;0;0.1;0;0;0;0;0;0;0;0;3;17.5;0;0;0;0;0;0;0;0;0;0;0;0;0;0;0;0;0;3;0;0;0;0;0.5;0;0.5;0;7.5;0;0;0;0;0;0;0;0;0;0;0;0;0;0;0.1;0;0;0;0;0;0;0;0;0;0;0;0;0;0;0.5;0.5;0;17.5;0;0;0;0;0;0.5;0;0;0;0;0;0;0;0;0;0;0
"sp_2";0;0;0.5;0;0;0;0;0;0;0;0;0.1;0;0;0;7.5;0;1;0.1;0;0;0;0;0;0;0;0;0;0;0;0;0;0;0;0;0;0;0;0;0;0;0;0;0.1;0;0;0;0;0;0;0;0;0.1;0;0;0;0;0;0;0;0;0;0.5;0;0;0;0;0;0;0;0;0.5;0;0;0;0;0;0.5;0;0;0;0;0;0;0;0.1;0;0;0.1;0;0.5;0;0;0;0;0;0;0;3;7.5;0;0;0;0;0;0;0;0;0;0;0;0;0;0;0;0;3;3;0;0;0;0;0.1;0;3;0;0;0;0;0;0;0;0;0;0;0;0;0;0;0;0;0.1;0;0;0;0;0;0;0;0;0;0;0;0;0;0;7.5;1;0;0.5;0;0;0;0;0;3;0;0;0;0;0;0;0;0;0;0;0
"sp_4";0;0;0;0;0;0;0;0;0;0;0;0;0;0;0;0;0;0;0;0;0;0;0;0;0;0;0;0;0;0;0;0;0;0;0;0;0;0;0;0;0;0;0;0;0;0;0;0;0;0;0;0;0;0;0;0;0;0;0;0;0;0;0;0.5;0;0;0;0;0;0;0;0;0;0;0;0;0;0;0;0;0;0;0;0;0;0;0;0;0;0;0;0;0;0;0;0;0;0;0;17.5;0;0;0;0;0;0;0;0;0;0;0;0;0;0;0;0;0;0;0;0;0;0;0;0;0;0;0;0;0;0;0.1;0;0;0;0;0;0;0;0;0;0;0;0;0;0;0;0;0;0;0;0;0;0;0.5;0;0;0.5;0;0;0;0;0;0;0;0;0.5;0;0;0;0;0;0;0;0;0;0;0
"sp_5";0;0;0;0;0;0;0;0.1;0;0;0;0;0;0;0;0;0;0.1;0.5;0;0;0;0;0;0;0;0;0;0;0;0;0;0;0;0;0;0;0;0;0;7.5;1;0;0.1;0;0;0.5;0;0;3;0;0;0;0;0;0;0;0;0;0;0;0;0.1;0.1;0;0;0;0;0;0;3;0;0;0;0;0;0;0.5;0;0;0;0;1;0;0;0.1;0;0;0;0;0.1;0;0;0;0;0;0;0;3;3;0;0;0;0;0;0;0;0;0;0.5;0;0;0;0;0;0;0;0;0;0;0;0;0.5;0;41.5;0;0;0;0;0;0;0;0;0;0;0;0;0;0;0;0;0;0;0;0;0;0.5;0;0;0;0;0.1;0;1;0;0;1;0;0;7.5;0;0;0;0;0;0;0;0;0;0;0;0;3;0;0;0;0
"sp_6";0;0;0;0;0;0;0;0;0;0;0;0.5;0;0;0;0;0;0;0.1;0;0.5;0;0;0;0;0;0;0;0.1;0;0;0;0;0;0;0;0;0;0;0;41.5;17.5;0;0;0;0;0;0;0;0;0;0;0;0;0;3;0;0;0;3;0;0;0;3;0;0;0;0;0;0;3;0;0;0;0;0;0;0;0;0;0;0.1;0;0;0;0;0;0;0;0;0.5;0;0;0;0;0;0;0;0;0.1;0;0;0;0;0;0;0;0;0;0.5;0;0;0.5;0;0;0;0;0;0;0;0;0;1;0;0;0;0;0;0;0;0;0;0;0;0;0;0;0;0;0;0;0;0;0;0;0;3;0;0;0;0;0;0;0.1;0;0;0.1;0;0;0;0;0;0;0;0;0;0;0;0;0;0;0;0;0;0;0;0
"sp_7";0;0;0;0;0;0;0;0;0;0;0;0.5;0;0;0;0;0;0;7.5;0;0;0.5;0;0;0;0;0;0;0;0;0;0;0;0;0;0;0.1;0;0;0;29;3;0;0;0;0;0;0;0;0;0;0;0;0;0;1;0;0;0;0.1;0;3;0.5;0.5;0;0;0;0;0;0;7.5;0;0;0;0;0;0;0.1;0;0;0;0;0;0.1;0;0;0;0;0;0;0;0;0;0;0;0;0;0;0.1;0;0.1;0;0;0;0;0;0;0;0;1;0;0;0;0;0;0;0;0;0;0;0;0.1;1;0;0;0;0;0;0;0;0;0;0;0;0;0;0;0;0;0;0;0;0;0;0;0;0.5;0;0;0;0;0;0;7.5;0;0;0;0;0;0;0;0;0;0;0;0;0;0;0;0;0;0;1;0;0;0;0
"sp_11";0;0.1;3;0;0;0;0;0.5;0;0;0;0;0;0;0;0;0;0;17.5;0;0.1;0;0;0;0;0;0;0;1;0;0;0;0;0;0;0;0.5;0;0;0;0;0;0;0;0;0;0;0;0;0;0;0;3;0;0;3;0;0;0;0;0;3;0;1;0;0;0;0;0;0;7.5;0;0;0;0;0.1;0;0;0;0;0;0;3;0;0;0;0;0;0;0;0.1;0;0;0;0.1;0;0;0;3;0;0;0;0;0;0;0;0;0;0;0;0;3;3;0;0;0;0;0;0;0;0;1;0.5;0.1;0;0;0;0;0;0;0;0;0;0;0;3;0;0;0;0;0;0;0;0;0;0;0;0;0;0;0;0;0;7.5;0;0;17.5;0;0;0;0;0;0;0;0;3;0;0;0;0;0;0;0;0;0;0;0
"sp_13";0;0;0.5;0;0;0;0;0.5;0;0;0;0;0.5;0;0;0;0;0;3;0;0.5;0;0;0;0;0;0;0;0;0;0;0;0;0;0;0;0;0;0;0;7.5;17.5;0;0;0.5;0;0;0;0;0;0;0;0;0;0;7.5;0;0;0;3;0;0.1;0;0.5;0;0;0;0.5;0;0;17.5;0.5;0;0;0;0.1;0;0;0;0;0;0;0.5;0;0;0;0;1;0;0;0.1;0;0;0;0;0;0;0;0;3;0.1;0;0;0;0;0;0;0;0;1;0;0.5;0;0;0.5;0.1;0;0;0;0;0;0.5;1;0;0;0;0;0;0;0;0;0;0;0;0;0.1;0;0;0;0;0;0;0;0;0;0;0;0;0;0;0;0;0;29;0;0;0.5;0;0;0;0;0;0;0;3;0;0;0;0;0;0;0;0;0;0;0;0
"sp_14";0;0;3;0;0;0;0;0;0;0;0;0;0;0;0;0;0;0;0;0;0;0;0;0;3;0;0;0;0;0;0;0;0;0;0;0;0;0;0;0;0;0;0;7.5;0;0;0;0;0;0;0;0;3;0;0;0;0;0;0;0;0;0;0;0;0;0;0;0;0;0;0;0;0;0;0;0;0;0;0;0;0;3;0;3;0;0;0;0;0;7.5;0;0;0;0;0;0;0;0;0;3;0;3;0;0;0;0;0;0;0;0;0;0;0;3;0;0;0;0;0;0;0;0;0;0;0;17.5;17.5;0;0;0;0;0;0;0;0;0;0;0;0;0;0;0;0;0;0;0;0;0.1;0;0;0;3;0;0;0;0;1;0;0;1;0;3;0;0;0;62.5;0;0;0;0;0;0;0;0;0;0;0
"sp_15";0;0;3;0;0;0;0;0;0;0;0;0;0;0;0;0;0;0;0;0;0;0;0;0;7.5;0;0;0;0;0;0;0;0;0;0;0;0;0;0;0;0;0;0;0;0;0;0;0;0;0;0;0.1;0;0;0;0;0;0;0;0;0;0;0;0;0;0;0;0;0;0;0;0;0;0;0;0;0;0;0;0;0;3;0;0;0;0;0;0;0;0;0;0;0;0;0;0;0;0;0;0;0;0;0;0;0;0;0;0;0;0;0;0;0;0;0;0;0;0;0;0;0;0;0;0;0;0;17.5;0;0;0;0;0;0;0;0;0;0;0;0;0;0;0;0;0;0;0;0;17.5;0;0;0;0;0;0;0;0;0;0;0;0.5;0;0;0;0;0;29;0;0;0;0;0;0;0;0;0;0;0
"sp_16";0;0;3;0;0;0;0;0;0;0;0;0;0;0;0;0;3;0;0;0;0;0;0;0;7.5;0;0;0;0;0;0;0;0;0;0;0;0;0;0;0;0;0;0;3;0;0;0;0;0;0;0;0.1;0;0;0;0;0;0;0;0;0;0;0;0;0;0;0;0;0;0;0;0;0;0.5;0;0;0;0;0;0;0;1;0;0;1;0;0;0;0.5;0;0;0;0;0;0;0;0;0;0;0;0;0;0;0;0;0;0;0;0;0;0;0;0;0;0;0;0;0;0;0;0;0;0;0;0;0;17.5;0;0;0;0;0;0;0;0;0;0;0;0;0;0;0;0;0;0;0;0;0;0;0;0;0;0;0;0;0;1;0;0;0;0;0;0;0;0;62.5;0;0;0;0;0;0;0;0;0;0;0
"sp_17";0;0;3;0;0;0;0;0;0;0;0;0;0;0;0;0;0;0;0;0;0;0;0;0;0;0;0;0;0;0;0;0;0;0;0;0;0;0;0;0;0;0;0;0;0;0;0;0;0;0;0;0;0.1;0;0;0;0;0;0;0;0;0;0;0;0;0;0;0;0;0;0;0;0;0;0;0;0;0;0;0;0;7.5;0;0;0;0;0;0;0;0;0;0;0;0;0;0;0;0;0;0;0;0;0;0;0;0;0;0;0;0;0;0;0;0;0;0;0;0;0;0;0;0;0;0;0;0;0;0;0;0;0;0;0;0;0;0;0;0;0;0;0;0;0;0;0;0;0;0;0;0;0;0;0;0;0;0;7.5;0;0;0;0;0;0;0;0;87.5;0;0;0;0;0;0;0;0;0;0;0
"sp_18";0;0;7.5;0;0;0;0;0;0;0;0;0;0;0;0;3;0;0;0;0;0;0;0;0;7.5;0;0;0;0;0;0;0;0;0;0;0;0;0;0;0;0;0;0;0;0;0;0;0;0;0;0;0;0;0;0;0;0;0;0;0;0;0;0;0;0;0.1;0;0;0;0;0;0;0;0;0;0;0;0;0;0;0;0;0;0;0;0;0;0;0;7.5;0;0;0;0;0;0;0;0;0;3;0;3;0;0;0;0;0;0;0;0;1;0;0;0;0;0;0;0;0;0;0;0;0;0;0;0;7.5;0;0;0;0;0;0;0;0;0;0;0;0;0;0;0;0;0;0;0;0;0;0;0;0;0;0;3;0;0;3;0;0;3;0;0;0;0;0;41.5;0;0;0;0;0;0;0;0;0;0;0
"sp_21";0;0;1;0;0;0;0;0.5;0;0;0;0;0;0;0;0;0;0;17.5;0;0;0;0;0;0;0;0;0;0;0;0;0;0;0;0;0;0;0;0;0;0;7.5;0;0.1;0.5;0;0;0;0.5;0;0;0;0.5;0;0;0.1;0.1;0;0;7.5;0;0;0;0.5;0;0.1;0;0;0;0;0;0.5;0;0;0;0;0;0.5;0;0.5;0;0.5;0;0;0;0.5;0;0.5;0;0;0;0;0;0;0;0;0;0;0;0;0;0;0;0;0;0;0;0;0;3;0;0.5;0;0;0;0;0;0;0;0;0;0.5;3;0;0;0;0.5;0;0;0;0;0;0;0;0;0;0;0;0;0.5;0;0;0;0;0;0;0;0;0;0;0;0;0;17.5;0;0;1;0;0;29;0;0;0;0;0;0;0;0;0;0;0;0;0;0;0;0;0
"sp_22";0;0;0;0;0;0;0;3;0;0;0;0.5;0;0;0;0;0;17.5;3;0;0;0;0;0;0;0;0;0;0;0;0;0;0;0;0;0;0;0;0;0;0;3;0;0;3;0;0;0;0;0;0;0;0;0;0;0.5;0;0;0;3;0;0;0;0.5;0;0;0;0;0;0;0;0.5;0;0;0;0;0;3;0;0;0;0;0;0;0;0;0;0;0;0;0;0;0;0;0;0;0;0;7.5;0;0;0;0;0.5;0;0;0.1;0;0;3;0;0;0;0;0;0;0;0;0;0;0;0;3;0;29;0;1;1;0;0;0;0;0;0;0;1;0;0;0.5;0;0;0.5;0;0;0;0;0;0;0;0.5;0;0;0;0.5;0;0;0;0;0;0;0;0;0;0;0;0;0;0;0;0;0;0;0;0;0;0;0
"sp_23";0;0;3;0;0;0;0;0;0;0;0;0;0;0;0;0;0;0;7.5;0;0;0;0;0.1;0;0;0;0;0;0;0;0;62.5;0;0;0;0;0;0;0;0;0;0;0;0;0;0;0;0;0;0;0;0;0;0;0;0;0;0;0;0;0;0;0.5;0;0;0;0;0;0;0;0;0;3;0;3;0;0;0;0;0;0;0;0;0;0;0;3;0;0;0;0;0;0;0;0;0;0;0;3;0;0;0;0;0;0;0;0;0;0;0;0;0;0;0;0;0;0;0;0;0;0;0;0;0;0;0.5;0;0;0;0;0;0;0;0;0;0;0;0;0;0;0;0;0;0;0;0;0;0;0;0;0;0;0;0;0;0;0;0;0;0;0;0;0;0;0.5;0;0;1;0;0;0;0;0;0;0;0
"sp_24";0;0;3;0;0;0;0;0;0;0;0;0;0;0;0;3;0;0;0;0;0;0;0;0;0;0;0;0;0;0;0;0.1;0;0;0;0;0;0;0;0;0;0;0;0;0;0;0;0;0;0;0;0;0;0;0;0;0;0;0;0;0;0;0;0;0.5;0;0;0;0;0;0;0;0;0;0;0;0;0;0;0;0;3;0;0;0;0;0;0.1;0;0;0;0;0;0;0;0;0;0;0.1;0;0;0;0;0;0;0;0;0;0;0;0;0;0;0;0;0;0;0;0;0;0;0;0;0;0;0;17.5;0;0;0;0;0;0;0;0;0;0;0;0;0;0;0;0;0;0;0;0;0;0;0;0;0;0;0;0;0;0.5;0;0;0.5;0;0;0.1;0;0;62.5;0;0;0;0;0;0;0;0;0;0;0
"sp_25";0;0;0.5;0;0;0;0;0.5;0;0;0;0;3;0;0;3;0;0;0.5;0;0;0;0;0;0;1;0;0;0;0;0;0;0;0;0;0;0;0;0;0;0;0;0;0;0;0.1;0;0;0;0;0;0;7.5;0;0;0;0;0;0;0;0.5;0;0;0;0;0;0;0.5;0;0;0;0;0;0;0;1;0;0;0;0;0;0.5;0;0;0;1;0;0.1;0;1;0;0;0.1;0;0;0;0;0;0;1;0;0.5;0;0;0;0;0;0;0;0;0;0;0;1;0;0;0;0;0;0;0;0;0.1;0;0;3;3;0;0;0;0;0;0;0;0;0;0;0;0;0;0;0;0;0;1;0;0;0;0;0;0;0;0;7.5;0;0;0;0;0;1;0;0;0;0;0.5;7.5;0;0;0.1;3;0;0;0;0;0;0;0
"sp_28";0;0;0;0;0;0;0;0;0;0;0;0.1;0;0;0;0;0;0;7.5;0;0;0;0;0;0;0;0;0;0;0;0;0;0;0;0;0;0;0;0;0;0;0;0;0;0;0;0;0;0;0;0;0;0;0;0;1;0;0;0;0.5;0;0.1;0;0.5;0;0;0;0;0;0;7.5;0;0;0;0;0.1;0;0.1;0;0;0;0;0;0;0;0;0;0.5;0;0;0;0;0;0;0;0;0;0;17.5;0;0;0;0;0;0;0;0;0;0;3;0;0;0;0;0;0;0;0;0;0;0;0.5;7.5;0;0;0;0.5;0;0;0;0;0;0;0;0;0;0;0;0;0;0;0;0;0;0;0;0.1;0;0;0;0;0;0;17.5;0;0;3;0;0;7.5;0;0;0;0;0;0;0;0;0;7.5;0;0;0;0;0;0;0
"sp_29";0;0;0.5;0;0;0;0;0;0;0;0;0;0.5;0;0;0;0;0;0;0;0;0;0;0.1;0;0;0;0;0;0;0;0;0;0;0;0;0;0;0;0;0;0;0;0;3;0;0.5;0;0;0;0;0;3;0;0;0;0;0;0;0;0;0;0;0;0;0;0;0.5;0;0;0;0;0;0;0;3;0;0;0;0;0;0;0;1;0;0;0;0.5;0;0;0;0;0;0;0;0;0;0;0.1;0;0;0;0;0;0;0;0;0;0;1;0;0;0;0;0;0;0;0;0;0;0;0.5;0;0;0;7.5;3;0;0;0;0;0;0;0;0;0;0;0;0;0;0;0;0;0;0;0;0;0;0;0;0;0;0;7.5;0;0;0;0;0;3;0;0;0;0;0;62.5;0;0;0;0;0;0;0;0.1;0;0;0
"sp_30";0;0;3;0;0;0;0;0;0.5;0;0;3;0;0;17.5;0;0;7.5;0;0;0;0;0;0;0;0;0;0;0;0;0;0;0;0;0;0;0;0;0;0;0;0;0;0;3;0;0.5;0;0;0;0;0;0;0;0;0;0;0;0;0;0;0;0;0;0;0;0;0;0;0;0;0.5;0;0;3;0;0;1;0;0;0;7.5;0;0;0.1;0;0;0;1;0;0;0;0;0;0;0;0;0;0.5;0;0;0;0;0;0;0;0;0;0;0;0;0;0;0;0;0;3;0.5;0;0;0;0;0;0;29;0;0;0;0;0;0;0;0;0;0;0;0;7.5;0;0;0;3;0;0;0.5;0;0;0;0;0;0;0;0;0;0;0;0.1;7.5;0;0;0;0;0;0;0;0;0;0;0;0;0;0;0.5;0;0;0;0
"sp_36";0;0;0.5;0;0;0;0;0;0;0;0;0;0;0;0;0;0;0;7.5;0;0;0;0;0.1;0;0;0;0;1;0;0;0;0;0;0;0;0;0;0;0;0.5;3;0;0;7.5;0;1;0;0;3;0;0;0.1;0;0;0.5;0;0;0;0.5;0;0;0;0;0;0;0;0.5;0;0;0;0;0;0.5;1;0;0;3;0;0;0;0.5;3;0;0;0.5;0;0;0.1;0;0.5;0;0;0;0;0;0;0;0;0;0;0;0.1;0;0;0;0;0;0;7.5;0;0;0;0;0;0;0.1;0.5;0;0;0;0.5;3;0;7.5;0;0;0;0;0;0;0;0;0.5;0;0;0;0;0;0;0;0;0;0;0;0;0.5;0;0;0.1;0;0;0;0.5;0;0;3;0;0;7.5;0;0;0;0.5;0;7.5;0;0;0;0;0;0;1;0;0;0;0
"sp_40";0;0;0.5;0;0;0;0;0;0;0;0;3;0;0;0;0;0;0;0;0;0.5;0;0;0.1;0;0;0;0;0;0;0;0;0;0;0;0;0.5;0;0;0;0.5;0;0;0;0;0;0;0;0;0;0;0;0;0;0;7.5;0;0;0;0;0;0;0;0;0;0;0;0;0;0;7.5;0;0;0;0.5;0.5;0;0;0;0;0;0.1;0;0;0;0;0;0.5;0;0;0;0;0;0.5;0;7.5;0;0;0;1;3;0;0;0;0;0;0.1;0.1;0;0;0;0.5;0;0;0;0;0;0;0;0;0;0;0;0;0;0;0;0;0;0;0.5;0.5;0;0;0.5;0;0;0;0;0;0;0;0;0;0;0;0;0;0;0;0;0;0;7.5;0;0;0.1;0;0;0.1;0;0;0;0;0;0;0;0;7.5;0;0.1;0;0;0;0.1;0;0
"sp_42";0;0;0.1;0;0;0;0;0;0;0;0;0.5;0;0;0;0;0;0.1;0.5;0;0;0;0;0;0;0;0;0;0;0;0;0;0;0;0;0;0;0;0;0;7.5;7.5;0;0;7.5;0;0;0;0;0;0.1;0;0;0;0;3;0;0.5;0;0;0;0;0;0;0;0;0;0.5;0;0;1;0;0;1;0.5;0.1;0;0.5;0;0;0;0;0;0;0;0;0;0;0.5;0;0;0;0;0;0;0;0;0;0.5;0;0;0;0;0;0;0;0;0;0;7.5;0;0;0;0;0;0;0;0;0;0;0;3;1;0;3;0;0;0;0;0;0;0;0;0;0;0;0;0;0;0.5;0;0;0;0;3;0;3;0;0;0.5;0;0;0;3;0;0;3;0;0;0;0;0;0;0.5;0;0;0;0;0.5;0;0;0;0.5;0;0;0;0
"sp_44";0;0;0;0;0;0;0;0.5;0;0;0;0.5;0;0;0;0;0;0;17.5;0;0;0;0;0.1;0;0;0;0;0.5;0;0;0;0;0;0;0;0;0;0;0;29;7.5;0;0;0;0;0;0;0;0;1;0;0;0;0;3;0;0;0;0;0;0.1;0;0.5;0;0;0;0;0;0;3;0;0;0;0;0;0.5;1;0;0;0;0;0;0;0;1;0;0;0;0;0;0;0;0;0;0;0;0;0;0.5;0;0;0;0;0;0;0;0;0;3;0;0.5;0;0;0;0;0;0;0;0;0;0;1;0;0;0;0;0.5;0;0;0;0;0;0;0;0;0;0;0;0;0;0;0;0;0;0;0;0;0;0;0;0;0;0;0;0;0.5;0;0;0;0;0;0;0;0;0;0;0;0;0;0.5;0;0;0;0;0;0
"sp_45";0;0;17.5;0;0;0;0;0;0;0;0;3;3;0;0;0;0;0;0;0;0.5;0;0;3;0;0;0;0;0.5;0;0;0;0;0;0;0;0;0;0;0;3;0;0;0;0.1;0;0;0;0;0;0;0;0.1;0;0;3;0;0;0;0;0;0;0;0;0;0;0;0.5;0.1;0;0;0.5;0;0.5;0;7.5;0;0;0;0;0;0.5;0;0;0;0.5;0;3;0;0;0;0;0;0;0;0;0;0;0;0;0;0;0;0;0;0;0;0;0;0;0;0.5;0;0;0;0;0;0;0;0;0;0.5;0;0;0;0;0;0;0;0;0;0;0;7.5;0;0;0;0;0;0;0;0;0;0;0;0;3;0;0;0;0;0;0;3;0;0;17.5;0;0;0;0;0;0;0;0;0;0;0;17.5;0;0.5;0;0;0;0;0;0
"sp_46";0;0;0;0;0;0;0;0;0;0;0;0.5;0.5;0;0;0;0;0;0;0;0;0;0;3;0;0;0;0;3;0;0;0;0;0;0.5;1;0;0.5;7.5;0;0;3;7.5;0;0;0;0;0;0;0;0;0;0;0.1;0;3;0;0;0;1;0;0;0;0.5;0;0;0;0.5;0;1;0;0;0;0;0;17.5;0;0;0;0;0;0;0;0.5;0;0;0;3;0;0;0;0;0;0;0;0;0;0;0;0;3;0;0;0;0;0;0;0;0;0;0;3;0;0;0.1;0;0;0;0;0;0;1;0;0;0;0;0;0;0;0;0;0;0;0.5;0;0;0;0;0;0.5;0;0;0.1;0;0;0;1;0;0;0;7.5;0;0;0;0;0;0;0;0;0;0;0;0;0;0.1;0;0;1;0;0;0;0;0;0;0;0;0.1
"sp_47";0;0;0;0;0;0;0;0;0;0;0;0.5;0;0;0;0;0;0;0.5;0;0;0;0;0.5;0;0;0;0;3;0;0;0;0;0;0;0.5;0.5;0;3;0;3;3;0;0;0;0;0;0;0;0;0;0;0;0.1;0;1;0;0;0;0.5;0;0;0;0.1;0;0;0;0.5;0;0.5;3;0;0;0;0;29;0;0;0;0;0;0.1;0;0;0;0;0;3;0;0;0;0;0;0;0.5;0;0;0;0;0;0.5;0;0;0;0;0;0;0;0;0;0;0.5;0;0;0;0;0;0.5;0;0;0;0;0;0;0;0;0;0;0;0;0;0;0;0.5;0;0;0;0;0;0;0;0;0;0;0;0;1;0;0;0;41.5;0;0;0;0;0;0;0;0;0;0;0;0;0;0.5;0;0;0.5;0;0;0.5;0;0;0;0;0;0
"sp_48";0;0;0.5;0;0;0;0;0;0;0;0;1;0.5;0;0;0;0;0;0;0;0;0;0;7.5;0;0;0;0;3;0;0;0;0;0.5;0.1;0;0.1;0;0;0;3;0;7.5;0;3;0;0;0;0;0;0;0;7.5;0;0.5;0.5;0;0;0;0.5;0;0.1;0;0.5;0;0;0;0;3;0;0;0;0;0;0;7.5;0;0;0;0;0;0;0;0;0;0;0;0.5;0;0;0;0;0;0.1;0;0;0;0;0;0;0.5;0;0;0;0;0;0;0;0;0;0;0.5;0;0;0.5;0;0;0;0;0;0;3;0;0;0;0;0;0;0;0;0;0;0;0.5;0;0;0;0;0;0.5;0;0;0;0;0;0;3;0;0;0;7.5;0;0;0;0;0;0;0;0;0;0.1;0;0;0;0.1;0;0;1;0;0;0.5;0;0;0;0;0;0
"sp_49";0;0;0;0;0;0;0;0;0;0;0;1;0;0;0;0;0;0;0.5;0;0;0;0;3;0;0;0;0;0;0;0;0;7.5;0;0;0.1;0;0;0;0;0.1;0.1;0;0;0;0;0;0;0;0;0;0;0.1;0;0;3;0;0;0;3;0;0.1;0;0.5;0;0;0;1;0;0;0;0;0;0;0;7.5;0;0;0;0;0;0;0;0;0;0.5;0;17.5;0;0;0;0;0;0;0;0;0;0;0;0;0.1;0;0;0;0;0;0;0;0;3;0;0;0;0;0;0;0;0;0;0;0;0;0;0;0;0;0;0;0;0;0.1;0;0;0.5;0;0;0;0;0;1;0;0;0.1;0;0;0;0;0;0;0;0;0;0;0;0;0;0;0;0;0;0;0;0;0;0;0;0;0.5;0;0;0;0;0;0;0;0;0
"sp_52";0;0;3;0;0;0;0;0.5;0;0;0;0.5;0;0;0;7.5;0;0;17.5;0;0.5;0;0;0.1;0;0;0;0;3;0;0;0;0;0;0;0;0;0;0;0;0;3;0;0.1;0;0;0;0;0;0;0;0;0.5;0;0;0.5;0;3;0;0.1;0;0;1;0.1;0;0;0;0;0;0;3;0;0;0.1;0;0;0.1;0;0;0;0;0;3;0;0;0;0;0;0;0;0;0;0;0;0;0;0;0;3;0;0.1;0;0;0;0;0;0;0;0;1;0;0;1;0;0;0;0;0.1;0;0;0;3;7.5;0;0;0;0;0;0;0;0;0;0;0.5;0;0;0;0;0;0;0;0;0;0;0;0;0.5;0;0;0;0;0;0;7.5;0;0;7.5;0;0;0;0;0;0;0;0;3;0;0;0;0;0;0;0;0;0;0;0.1
"sp_57";0;0;0.1;0;0;0;0;0;0;0;0;0;0;0;0;0;0;0;3;0;0;0;0;0;0;0;0;0;0;0;0;0;0;0;0;0;0;0;0;0;3;3;0;0;0;0;0;0;0;0;0;0;0;0;0;0;0;0;0;0;0;0.1;0.5;0;0;0;0;0;0;0;0;0;0;0;0;0;0;7.5;0;0;0;0;1;0;0;0.5;0;0;0;0;0;0;0;0;0.5;0;0;0;3;1;0.5;0;0;0;0;0;0;0;0;3;0;0;0;0;0;0;0;0;0;0;0;3;1;0;17.5;0;0;0;0;0;0.5;0;0;0;0;0;0;0;0;0.5;0;0;0;0;0;0;0.5;0;0;0;0;0;0;0;0;0;7.5;0;0;0.5;0;0;0;0;0;0.1;0;0;0;0;0.5;0;0;0;0;0;0
"sp_58";0;0;0.5;0;0;0;0.5;0;0;0;0;0;0;0;0;0;0;3;3;0;0;0;0;0;0;0;0;0;0;0;0;0;0;0;0.1;0;0;0;0;0;3;3;0;0;0;0;0;0;0;0;1;0;0;0;0;0;0;0;0;0;0;0.1;3;0.1;0;0;0;0;0;0;0;0.1;0;0;0;0;0;3;0;0;0;0;3;0;0;1;0;0;0;0;0;0.5;0;3;0.5;0;0.5;0;3;3;7.5;0;0.1;0;0;0.5;0;0;0;3;0;0;0.1;0;1;0;7.5;0;0;0;0;0;1;0;7.5;0;0;0;0;0;0.5;0;0;0;0;0;0;0;0.5;0.1;0;0;0;0;0;0;1;0;0;3;0.5;0;0;3;0;0;3;0;0;0.5;0;0;0;0.5;0.5;1;0;0;0;0;0.1;0;0.5;0;0;0;0
"sp_59";0;0;0;0;0;0;0;0;0;0;0;0;0;0;3;0;0;0;7.5;0;0;0;0;0;0;0;0;0;0;0;0;0;0;0;0;0;0;0;0;0;7.5;3;0;0;0;0;0.5;0;0;0;1;0;0;0;0;0.5;0;0;0;0;0;0.5;0;0.5;0;0;0;0;0;0;0;0;0;0;0;0;0;1;0;0;0;0;3;0;0;3;0;0;0;0;0;0.5;0;1;0.5;0;0;0;3;3;3;0;0;0;0;0;0;0;0;3;0;0;0;0;0;0;0;0.1;0;0;0;0;1;0;7.5;0;0;0;0;0;0;0;0;0.5;0;0;0;0;0;0;0;0;0;0;0;0;1;0;0;3;0;0;0;0;0;0;7.5;0;0;7.5;0;0;0;0;0;1;0;0;0;0;0;0;0;0;0;0;0
"sp_60";0;0;0;0;0;0;0;0;0;0;0;0;0;0;0;0;0;0.5;3;0;0;0;0;0;0;0;0;0;3;0;0;0;0;0;0.1;0;0;0;0;0;7.5;3;0;0;0;0;0.5;0;0;3;0.5;0;0;0;0;0;0;0;0;0;0;0;0.1;0.5;0;0.5;0;0;0;0;0;0.1;0;0;0;0;0;0;0;1;0;0;0;0;0;0.5;0;0;0;0;0;3;0;0.5;0.5;0;0.1;0;7.5;3;0.5;0.1;0;0;0;0;0;0;0;0;0;0.5;0;0;0;0;0;0;0;0;0;0;1;0;0;0;0;0;0;0;0.5;0;0;0;0;0;0;0;0.1;0;0;0;0;0;0;0;3;0;0;0;0;0;0;0.5;0;0;3;0;0;3;0;0;0;0;0;0.5;0;0;0;0;0.5;0;1;0;0;0;0
"sp_62";0;0;3;0;0;0;0;0.5;0;0;0;1;0.5;0;0;0;0;0;0;0;0;0.5;1;3;0;0;0;0;3;0;0;0;0;0;0;0;0;0;0;0;0;0;0;0;0;0;0;0;0;0;0;0;7.5;0;0;7.5;0;0;0;3;0;0.1;0;1;0;0;0;0;0;0;3;0;0;0;0;3;0;0;0;0;0;0.1;0;0.5;0;0;0;0;3;0;0;0;0;0;0;0;0;0;0.5;0;0.5;0;0;0;0;0;0;0;0;0;0;0.5;0;0;0;0;0;0;0;0;0;3;0;0;0;0;0;0;1;0;0;0;0;1;0;0.5;0;0;0;0.1;0;0;0;0;0;0;0;0;0;0;0;0;0;3;0;0;0;0;0;0;0;0;0;0;0;7.5;0.1;0;0;0;0;0;0;0;0;0;0
"sp_69";0;0;0.5;0;0;0;0;0;0;0;0;0;0;0;0;0;0;0;0;0;0;0;0;0;0;0;0;0;0;0;0;0;0;0;0;0;0;0;0;0;0;0;0;7.5;7.5;0;0;0;0;0;0;0;0;0;0;0;0;0;0;0;0;0;0;0;0;0;0;0;0;0;0;0;0;0;0;0;0;0;0;0;0;41.5;0;0;0;0;0;0;0.1;1;0;0;0;0;0;0;0;0;0;0;0;0.5;0;0;0;0;0;0;0;0;0;0;0;0;0;0;0;0;0;0;0;0;0;0;0;41.5;1;0;0;0;0;0;0;3;0;0;0;0;0;0;0;0;0;0;0;0;0.5;0;0;0;0;0;0;0;0;0;3;0;0;0;0;0;0;0.5;0;7.5;0;0;0;0;0;0;0;0;0;0;0
"sp_70";0;0;0;7.5;0;0;0;0;0;0;0;0;0;0.1;0;0;0;0;0;0;0;0;0;0;0;0;0;0;0;0;0;0;0;0;0.1;0.1;3;0.1;0;0;0;0;0;0;0;0;0;0;0;0;0;0;0;0.1;0;1;0;0;0;3;0;0;0;0;0;0;0;0;0;0;0;0;0;0;0;0;0;0;0;0;0;0;0;0;0;0;0;0;0;0;0.1;0;0;0.1;0;0;0;0;0;0;0.5;0;0;0;0;0;0.1;0;0;0;0;3;0;0;0;0;0;0;0;0;0;0.5;0;0;0;0;0;0;0;0;0.1;0;0;0;0;0.5;0;0;0;0;0;0;0;0.5;0;0;0.5;0;0;0;0;0;0;17.5;0;0;0.5;0;0;0;0;0;0;0;0;0;0;0.5;0;0.1;0;0;0;0;0;0.1;0
"sp_71";0;0;0;0;0;0;0.5;0;0;0;0;0;0;0;0;0;0;0;3;0;0;0;0;3;0;0;0;0;0;0;0;0;0;0;0.5;0.1;0.1;0.1;0;0;0;0;0;0;0;0;0;0;0;0;0;0;0;0.5;0;7.5;0;0;0;7.5;0;0;0;0.5;0;0.5;0;0;0;0;3;0;0;0;0;0;0;0;0;0;0;0;0;0.5;0;0;0;0;0;0;0.5;0;0;0;0;0;0;0;0;0;0.5;0;0;0;0;0;0;0;0;0;0;7.5;0;0;0;0;0;0;0;0;0;3;0;0;0;0;0;0;0;0;0;0;0;0;0;0;0;0;0;0;0;0;0;0;0;0;0.5;0;0;0;0;0;0;17.5;0;0;0;0;0;0;0;0;0;0;0;0;0;3;0;3;0;0;0;0;0;0.5;0
"sp_72";0;0;1;0;0;0;0;0;0;0;0;0;0;0;17.5;0;0;0.1;3;0;0;0;0;0;0;0;0;0;0;0;0;0.5;0;0;0;0;0;0;0;0;0;0;0;0;3;0;0;0;0;0;0;0;0;0;0;0;0;0;0;0;0;0;0;0;0;0;0;0;0;0;0;0;0;0;0;17.5;0;0;0;0;0;17.5;0;0;0;1;0;0;0;0;0;0;0;0;0;0;0;0;0;0.5;0;0.5;0;0;0;0;0;0;0;0;0;0;0;0;0;0;0.1;0;0;0;0;0;0;0;0.5;0;17.5;0;0;0;0;0;0;0;0;0;0;0;0;0;0;0;0;0;0;0;0;0;0;0;0;0;0;7.5;0;0;3;0;0;3;0;0;0;0;0;7.5;0;0;3;0.5;0;0;0;0;0;0;0
"sp_73";0;0;0;0;0;0;0;0;0;0;0;0;3;0;7.5;0;0;0;0.5;0;0;0;0;0;0;0;0;0;0;0;0;0;0;0;0;0;0;0;0;0;0;0.1;0;0;3;0;0.5;0;0;0;0;0;0;0;0;0.5;0.5;0;0;3;0;0;0;0;0;0;0;0;0;0;7.5;0;0;0;0;7.5;0;0;0;0;0;0;0;0;0;0;0;3;0;0;0.5;0;0;0;0;0;0;0;0.5;0;0.1;0;0;0;0.1;0;0;0;0;1;0;3;0;0.1;0;0;0;0;0;0;0;1;1;0;3;0;3;0;0;0.1;0;0;0;0;0;0.1;0;7.5;0;0.1;0;0;0;0;0;0;1;0;0;0;0;0;0;7.5;0;0;3;0;0;0;0.1;0;0;0;0;0;0;0;0.1;7.5;0;0;0;0;0;0;0
"sp_74";0;0;0.5;0;0;0;0;0.1;0;0;0;0;0.1;0;0.1;0;0;0;0.5;0;0;0;0;0;0;0;0.1;0;0;0;0;0;0;0;0;0;0;0;0;0;0;0;0;0;7.5;0;0;0;0;0;0;0;3;0;0;0.5;0.5;0;0;0;0;0;3;0;0;0;0;0;0;0;0;0;0;0;0;0;0;0;0;0;0;0;0;0;3;0;0;0;0;0.5;3;0;0.5;0;0;0;0.1;0;1;0;0;0.1;0;0;0;0.5;0;0;0;0;0;0;0;0.1;0;0;0;0;0.5;0;0.1;0;0;0;0;0;0;0;0;0.1;7.5;0;0;0;0;0;0;0;0;0.1;0;0;0;0;0.1;0;0;0;0;0;0;0;0;41.5;0;0;0;0;0;3;0;0;0;0;0;7.5;0;0;0;0;0;0.5;0;0;0;0;0
"sp_76";0;0;0;0;0;0;0;0;0;0;0;0.1;0;0;0;0;0;0;17.5;0;0;0;0;0;0;0;0;0;0;0.1;0;0;0;0;0;0;0;0;0;0;1;0.1;0;0;3;0;0.5;0;0;0;0;0;0;0.1;0;0;0;0;0;0.1;0;0;0;0;0;0.5;0;0.5;0;0;7.5;0;0;0;0;0;0;1;0;0;0;0;0;1;0;0.5;0;0.5;0;0;0;0;0;0;0;0;0;0;0.5;0;0;0;0;0;0;1;0;0;0;0.5;0;0;0;0;0;0;0;0.5;0;0;0.5;1;3;0;3;0;3;0;0;0;0;0;3;0;0;0;0;0;0.1;0;0;0;0;0;0;0;0.5;0;0;0;0;0;0;17.5;0;0;7.5;0;0;3;0;0;0;0;0.1;7.5;0;0;0;0.1;0;0;0.5;0;0;0;0
"sp_80";0;0;1;0;0;0;0;0;3;0;0;0;0;0;3;0;0;0;0.1;0;0;0;0;0;0;3;0;0;0;0;0;0.5;0;0;0;0;0;0;0;0;0;0.1;0;0;3;0;0.1;0;0;0;0;0;3;0;0;0.1;0.5;0;0;0;0;0;0;0.1;0;0.1;0;0;0;0;0;0;0;0;0;0;0;0;0;0;0;3;0;0;0;0;0;1;0;1;0;0;0;0;0;0;0;0;0.5;0;0;0.5;0;0;0;0;0;0;0;0;0;0;0;0;0;0;0;0;0;0;0;0;0;0;0;62.5;0;0;0;0;0.1;0;0.1;0;0;0;0;0;0;0.1;0;0;0;0;3;0;0;0;0;0;0;0;0;7.5;0;0;0;0;0;3;0;0;0;0;0.1;3;0;0;0;0;0;0;0;0;0;0;0
"sp_82";0;0;1;0;0;0;0;0;0;0;0;0;0;0;3;0;7.5;0;0;0;0;0;0;0;0;3;0;0;0;0;0;0.1;0;0;0;0;0;0;0;0;0;0;0;17.5;0;0;0;0;0;0;0;0;3;0;0;0;0;0;0;0;0;0;0.1;0;0;0;0;0;0;0;0;0;0;0;0;0;0;0;0;0;0;0;0;0;0;1;0;0;0;0;0;0;0.5;0;0;0;0.5;0;0;0;0;0;0;0;0;0;0;0;0;0;0;0;0;0.1;0;0;0;0;0;0;0.1;0;0;0;0;17.5;0;0;0;0;1;0;0;0;0;0;0;0;0;0;0;0;0;0;0;0;0;0;0;0;0;0;0;7.5;0;0;0;0;0;0;0;0;0;0;0;29;0;0;0;0;0;0;0;0;0;0;0
"sp_84";0;0;3;0;0;0;0;0;0;0;0;0;0;0;0;0;0;0;0;0;0;0;0;0;3;0;0;0;0;0;0;0;0;0;0;0;0;0;0;0;0;0;0;3;0;0;0;0;0;0;0;0;0.5;0;0;0;0;0;0;0.1;0;0;0;0;1;0;0;0;0;0;0;0;0;0;0;0;0;0;0;0;0;7.5;0;0;0;0;0;0;3;0;0;0;0;0;0;0.1;0;0;0;0;0;3;0;0;0;0;0;0;0;0;0;0;0;0;0;0;0;0;0;0;0;0;0;0;0;0;3;0;0;0;0;0;0;7.5;0;0;0;0;0;0;0;0;0;0;0;0;0;0;0;0;0;0;0;0;0;0;3;0;0;1;0;0;0;0;0;41.5;0;0;0;0;0;0;0;0;0;0;0
"sp_91";0;0;0.5;0;0;0;0;0;0;0;0;0;0.1;0;0;0;0;0.5;7.5;0;0;0;0.5;0;0;0;0;0;0;0;0;0;0;0;0;0;0;0;0;0;0;0;0;0;0;0;0;0;0;0;0;0;0;0;0;0;0;0;0;0.1;0;0;7.5;0;0;0;0;0;0;0;0;0;0.1;0;0;0;0;0;0;0;0;0;3;0;0;0.5;0;0;0.5;0;0;0;0;0;0;0;0.1;0;0;0;0;0;0;0;0;0;0;0;0;0;0;0;0;0;0;0;1;0;0;0;0;0;1;0.1;0;0;0;0;0;0;3;0;0;0;0;0.5;0;0;0.5;0;0;0;0;0;0;0;0;0;0;0;0;0;0;17.5;0;0;3;0;0;0.1;0;0;0;0;0;0.5;0;0;0;0;0;0;0;0;0;0;3
"sp_92";0;0;3;0;0;0;0;0;0;0;0;0;0;0;0;0;0;0;7.5;0;0;0;0;0;0;0;0.1;0;0;0;0;0;0;0;0;0;0.5;0;0;0;0;17.5;0;0;3;0;0;0;0;0;0;0;0;0;0;0.5;0;0;0;3;0;0;0;0;0;0;0;0;0;0;0;0.1;0;0;0;0.1;0.5;1;0;0;0;0;0;0;0;1;0;0;0;0;0;0.5;0;0;0;0;0.5;0;0;0;0;0;0;0;0;0;0;0;0;0;0;0;0;0;0;0;1;0.5;0;0;0.5;0;1;0;0;0;0;0;0;3;0;0;0;0;0;0;0;0;0.1;0.5;0.5;0;0;0;0.5;0;0;0;0;0;0;0;0;17.5;0;0;3;0;0;0.5;0;0;0;0;0;3;0;0;0;0;0;0;0;0;0;0;1
"sp_94";0;0;3;0;0;0;0;0;0;0;0;0;0;0;0;0;0;0;3;0;0;0;0;0;0;0;0;0;0;0;0;0;0;0;0;0;0;0;0;0;0;0.5;0;0;0;0;0;0;0;0;0;0;0;0;0;0;0;0;0;0.5;0;0;0;0;0;0.1;0;0;0;0;0;0;0;0;0;0;0;0;0;0;0;0;0;0;0;0.5;0;0;0;0;0;0;0;0;0;0;0;0;0;0;0;0;0;0;0;0;0;0;0;0;0;0.5;0;0;0;0;0;0;0;0;0;0;1;0;0;0;0;0;0;0;1;0;0;0;0;0;0;0;0;0;0;0;0;0;0;0;0;0;0;0;0;0;0;0.5;0;0;7.5;0;0;7.5;0;0;0;0;0;0;0;0;0;0;0;0;0;0;0;0;0
"sp_96";0;0;0.5;0;0;0;0;0;0;0;0;0;0;0;0;0;0;0;3;0;0;0;0;0.1;0;0;0;0;0;0;0;0;0;0;0;0;0;0;0;0;0;3;0;0;7.5;0;1;0;0;0;0;0;0;0;0;0.5;0.1;0;0;0;0;0;3;0.5;0;0.5;0;0;0;0;0;0;0.1;0;0;0;0;3;0;0;0;0;0;0;0;1;0;0;0.1;0;0.5;0;0;0;0;0;0;0;0.5;0;0;0.5;0;0;0;0;0;0;0;0;0;0;0;0;0;0;0.5;1;0;0;0;0;1;0;3;0;0;0;0;0;0;0;0;0;0;0;0;0;0.1;0.5;0;0;0;0;0.5;0;0;0;0;0;0;0;0;41.5;0;0;0;0;0;1;0;0;0;0;0.1;0.5;0;0;0;0;0;0;0.1;0;0;0;0
"sp_97";0;0;7.5;0;0;0;0;0;0.5;0;0;0;0;0;0;0.5;0;0;0;0;0;0;0;0;0;0;0;0;0;0;0;0;0;0;0;0;0;0;0;0;0;0;0;29;17.5;0;3;0;0;0;0;0;0.5;0;0;0;0;0;0;0.5;0;0;0;0;0;0;0;0;0;0;0;0;0;1;0;0;0;0;0;0;0;3;0;0;0.5;0;0;0;0.1;0;0;0;0;0;0;0;0;0;0;0;0;0.5;0.1;0;0;0;0;0;0;0;0;0;0;0;0;0;0;0;0;0;0.1;0;0.5;0;0;29;0;0;0;0;0;0.5;0;0;0;0;0;0;0;0;0;0;0;0;0;0;0;0;0;0;0;0.1;0;0.5;0;0;0.5;0;0;3;0;0;0;0;0;3;0;0;0;0;0;0;0;0;0;0;0
"sp_102";0;0;3;0;0;0;0;0;0;0;0;0;0;0;0;0.5;0;0;0;0;0;0;0;0;0;0;0.1;0;0;0;0;0;0;0;0;0;0;0;0;0;0;0;0;29;17.5;0;7.5;0;0;0;0;0;3;0;0;0;0.1;0;0;0;0;0.1;0.1;0;0;0;0;0;0;0;0;0;0;0.5;0;0.1;0;0;0;0.1;0;7.5;0;0;0.5;0;0;0;0.5;0;0;0;0;0;0;0;0;0;0;0.1;0;3;0;0;0;0;0;0;0;0;0;0;0;0;0;0;0;0;0;0;0;0;1;0;0;17.5;0;0;0;0;0.1;0;0;1;0;0;0;0;0;0;0;0;0;0;0;0;0;0;0;0;0;0;0;0;0;0;3;0;0;7.5;0;0;0;0;0;7.5;0;0;0;0;0;0;0;0;0;0;0
"sp_105";0;0.1;0.5;0;0;0;0;0.1;0;0;0;0.1;0;0;0;0;0;7.5;3;0;0.1;0;0;0.1;0;0;0;0.1;0;0;0;0;0;0;0;0;0;0;0;0;3;7.5;0;0;0.5;0;0;0;0;0;0;0;0;0;0;0.5;0;0;0;0;0;0;0.1;1;0;0.1;0;0.5;0;0;0.5;0.5;0;0;0;0.5;0;7.5;0;0;0;0;0;0;0;0.5;0;0;3;0;0;0;0.5;0;0;0;0;0;0;7.5;0;0;0;0;0;1;0;0;0;3;0;0.5;0;0;0;0;7.5;0;0;0;0.5;0.5;3;0.5;0;0;0;0;0;0.5;0.5;0;0;0;0;1;0;0;0.5;3;0.5;0.5;0;0;0.1;0;0;0;0;0;0;0;0;7.5;0;0;0.5;0;0.1;0;0;0;0;0;0;0;0;0.1;0;0;0;0;0;0;0;0;1
"sp_108";0;0;0.5;0;0;0;0;0;0;0;0;0;0;0;0;0;0;0;7.5;0;0;0;0;0;0;0;0;0;0;0;0;0;0;0;0;0;0;0;0;0;0.1;7.5;0;0;0.5;0;0;0;0;0;0;0;3;0;0;0;0;0;0;3;0;0;3;0.1;0;0;0;0;0;0;0;0;0;0.5;0;0.1;0;0;0;0;0;0;0;0;0;0.5;0;0;3;0;0;0;0;0;0;0;0;0;0.5;7.5;0;0;0.5;0;0;0;0;0;0;0;0;0;0;0;0;0;0;0;0;0;0;0;1;0;0;0;0;0;0;0;0;0;0;0.5;0;0.5;0;0;0;0.5;0;0;0;0;0;0;0;0;0;0;0;0;0;17.5;0;0;7.5;0;0;17.5;0;0;0;0;0;0;0;0;0;0;0;0;0;0;0;0;0
"sp_109";0;0;3;0;0;0;0;0;0;0;0;0;0;0;0;0;0;0;0;1;0;0;0;0;0;0;0;0;0;0;0;0;0;0;0;0;0;0;0;0;0;0.5;0;3;7.5;0;0;0;0;0;0;0;0;0;0;0;0;0;0;0;0;0;0;0;0;0;0;0;0;0;0;0;0;3;0;0;0;0;0;0;0;7.5;0;0;0;1;0;0;3;1;0;0;0;0;0;0;0;0;0;3;0;0;0;0;0;0;0;0;0;0;0;0;0;0;0;0;0;0;0;0;0;0;0;0;0;0;0;0;0;0;0;0;0;0;0;0;0;0;0;0;0;0;0;0;0;0;0;0;0;0;0;0;0;0;0;0;7.5;0;0;0;0;0;0;0;0;17.5;0;0;0;0;0;0;0;0;0;0;0
"sp_111";0;0;0;0;0;0;0;0;0;0;0;0;0;0;0;0;0;0;7.5;0;0;0;0;0;0;0;0;0;0.5;0;0;0;0;0;0;0;0;0;0;0;0.1;7.5;0;0;7.5;0;0;0;0;0;0;0;0.5;0;0;1;0;0;0;7.5;0;3;0;0.5;0;0;0;0;0.1;0;3;0;0;0;0.5;7.5;0;0;0;0;0;0;0;0;0;0;0;0;0;0;0;0;0;0;0;0;0;0;0;0;0.1;0;0;0;0;0;0;0;0;0;0;0.5;0;0;0;0;0;0;0;0;0;3;0;0;0;0;0;0;0;0;0;0;0;0;0;0;0;0;0;0.5;0;0;0;0;0;0;7.5;0;0;0;0;0;0;7.5;0;0;0;0;0;0;0.5;0;0;0;0;0.5;0;0;0;0;0.5;0;0;0;0;0;0
"sp_114";0;0;7.5;0;0;0;0;0;0;0;0;0;0;0;0;0;0;17.5;0.5;0;0;0;0;0;0;0;0;0;0;0;0;0;0;0;0;0;0;0;0;0;0;0.1;0;0;3;0;0.5;0;0;0;0;0;0;0;0;0.5;0;0;0;0.1;0;0;3;0.1;0;0.1;0;0;0;0;0;0;0;0;0;0.1;0;7.5;0;0;0;0.5;0;0;0;1;0;0;0;0;0;0;0;0;0;0;0;0;7.5;1;0;0;0;0;0;0;0;0;0;0;0;0;0;0;0;0;0;0;0;0;0.1;0;7.5;0.5;17.5;0;0;0;0;0;0;0;0;1;0;0.5;0;0;0;0;0;0;0;0;3;0;0;0;0;0;0;0;0;7.5;0;0;0;0;0;7.5;0;0;0;0;0.5;0.5;0;0;0;0.1;0;0;0;0;0;0;0
"sp_117";0;0;7.5;0;0;0;0;0;0;0;0;0;0;0;0;0;0;7.5;3;0;0;0;0;0;0;0;0;0.5;0;0;0;0;0;0;0;0;0;0;0;0;0;0;0;0;3;0;0.5;0;0;0;0;0;0.5;0;0;0.1;0;0;0;0.5;0;0;3;0;0;0;0;0;0;0;0;0;0;0;0;0.5;0;7.5;0;0;0;0.5;0;0;0;0;0;0;0;0;0;0;0;0;0;0;0;0;1;0;0;0;0;0;0;0;0;0;0;0;0;0;0;0;0;0;17.5;0;0;0;0.5;0;3;0;17.5;0;0;0;0;0.5;0.5;0;0.5;0;0;0;0;0;0;0;0;0;0;0;1;0;0;0;0;0;0;0;0;7.5;0;0;0;0;0;3;0;0;0;0;0.5;0.5;0;0;0;3;0;0;0;0;0;0;0
"sp_119";0;0;7.5;0;0;0;1;0;0;0;0;0;0;0;0;0;0;0;0.1;0;0;0;0;0;0;0;0;0;0;0;0;0;0;0;0;0;0;0;0;0;0;0;0;3;3;0;0;0;0;0;0;0;0;0;0;0;0;0;0;0;0;0;0;0;0;0;0;0;0;0;0;0;0;0.1;0;0.5;0;3;0;0;0;7.5;0;0;0;0;0;0;0;0;0;0;0;0;0;0;0;0;0;0.5;0;1;0;0;0;0;0;0;0;0;0;0;0;0;0;0;0;0;0;0;0;0.1;0;0;0;0.1;1;0;0;0;0;0;0.5;0;0;0;0;0;0;0;0;0;0;0;0;0;0;0;0;0;0;0;0;0;0;0;3;0;0;1;0;0;0;0;0;41.5;0;0;0;0;0;0;0;0;0;0;0
"sp_120";0;0;3;0;0;0;1;0;0;0;0;0;0;0;0;0;0;0;3;0;0;0;0;0;0;0;0;0;0;0;0;0;0;0;0;0;0;0;0;0;0;0;0;0;3;0;0;0;0;0;0;0;0.1;0;0;0;0;0;0;0.5;0;0;0;0;0;0;0;0;0;0;0;0;0;3;0;3;0;0;0;0;0;1;0;0;0;0;0;0;0.5;0;0;0;0.1;0;0;0;0;0;0;0;0;1;0;0;0;0;0;0;0;0;0;0;0;0;0;0;0;0;0;0;0;0;0;0;0;29;7.5;0;0;0;0;0;0;0.5;0;0;0;0;0;0.5;0;0;0;0;0;0;0;0;0;0;0;0;0;7.5;0;0;0.5;0;0;3;0;0;0;0;0;3;0;0;0;0;0;0;0;0;0;0;0
"sp_122";0;0;3;0;0;0;0;0;0;0;0.5;0;0.5;0;0;0;0;0;0.1;0;0;0;0;0;0;0;0;0;0;0;0;0;0;0;0;0;0;0;0;0;0;0;0;0;0;0;0;0;0;0;0;0;3;0;0;0.5;0.5;0;0;0.5;0;0;0;0;0;0;0;1;0;0;0;0;0;0;0;3;0;0;0;0;0;0;0;0;0;0;0;0;0;0;0;0;0.5;0;0;0;0;0;0;0;0;0;0;0;0;0;0;0;0;0;0;7.5;0;0;0;0;0;0;0;0;0;0.5;0;0;0;0;0.1;0;0;0;0;0;0;0;0;0;0;0;0;0;0;0;0;0;0;0;0;0;0.5;0;0;0;0.5;17.5;0;0;0;0;0;0;0;0;0;0;0;3;0;0;0;0;0;0;0;0;0;0;0
"sp_123";0;0;0.1;0;0;0;0;0;0;0.5;0;0;0;0;0;0;0;17.5;0.5;0;0;0;0;0;0;0;0;0;0;0;0;0;0;0;0;0;0;0;0;0;0;0.5;0;0;0.5;0;0;0;0;0;3;0;0;0;0;0;0;0;0.5;0.5;0;0;0.5;0;0;0;0;0;0;0;0;0.5;0.5;0;0;0;0;7.5;0;0;0;0;7.5;0;0;3;0;0;0;0;0;0;0;0;0;0;0;0;0.5;0;0;0;0;0;0;0.1;0;0;0;0.1;0;0;0;0;0.5;0;3;0;0;0;0;0;17.5;0.1;0;0;0;0;0;0;1;0;0;0;0;0;0;0;0;0;0;0.5;0;0;0;0;0;0;0;0.5;0;0;0;3;0;0.5;0.5;0;0;7.5;0;0;0;0;0;0;0;0;0;0;0;0;0;0;0;0;0
"sp_124";0;0.1;1;0;0;0;0;0;0;0.5;0;0;0;0;0;0;0;7.5;0.5;0;0;0;0;0;0;0;0;0;0;0;0;0;0;0;0;0;0;0;0;0;0;3;0;0;0.5;0;0;0;0;0;1;0;0;0;0;0;0;0;0.5;0;0;0.5;0.5;0.1;0;0;0;0;0;0;0;0;1;0.5;0;0;0;17.5;0;0;0;0;17.5;0;0;3;0;0;0.1;0;0;0;0;0;0;0;0;0;3;3;0;0;0.1;0;0;0.5;0;0;0;0;1;0;0;0;0;0;3;0;0;0;1;0;7.5;0;0;0;0;0;0;0;0;0;0;0;0;0;0;0;0.1;0;0;0.5;0;0;0;0;0;0;0;1;0;0.1;0;7.5;0;0;3;0;0;7.5;0;0;0;0;0;0.5;0;0;0;0;0;0;0;0;0.1;0;0.5
"sp_125";0;0;0.1;0;0;0;0;0;0;0.1;0;0;0;0;0;0;0;7.5;0.5;0;0;0;0;0;0;0;0;0;0;0;0;0;0;0;0;0;0;0;0;0;0;0;0;0;0.1;0;0;0;0;0;0.5;0;0;0;0;0;0;0;0;0;0;0.1;3;0;0;0;0;0;0;0;0;0;3;0;0;0;0;7.5;0;0;0;0;3;0;0;0;0;0;0;0;0;0;0;0;0;0;0;0;3;1;0;0;0;0.5;0;0.5;0;0;0;0;0;0;0;0;0;0;1;0;0;0;0.5;0;17.5;0;0;0;0;0;0;0;0;0;0;0;0;0.5;0;0;0.5;0;0;0;0;0;0;0;0;0;0;0;0;0;0;17.5;0;0;0;0;0;0;0;0;0;0;0;0;0;0;0;0;0;0;0;0;0;0;0
"sp_127";0;0;0.5;0;0;0;0;0;0;0;0;0;0;0;0;0;0;17.5;0.5;0;0;0;0;0;0;0;0;0;0;0;0;0;0;0;0;0;0;0;0;0;0;0.5;0;0;0;0;0;0;0;0;0;0;0;0;0;0;0;0;0;0;0;0.5;3;0.5;0;0;0;0;0;0;0;0;3;0;0;0;0;17.5;0;0;0;0;3;0;0;1;0;0;0;0;0;0.5;0;0;0;0;0;0;3;0.5;0;0;0;0.1;0;0.5;0;0;0;1;0;0;0.5;0;0;0;3;0;0;0;0.5;0;17.5;0;7.5;0;0;0;0;0;1;0;0;0;0;0;0;0;0;0;0;0;0;0;0;0;0;0;0;1;0;0;0;3;0;0;0;0;0;0;0;0;0;0;0;0;0;0;0;0;0;0;0;0;0;0;0
"sp_133";0;0;0.5;0;0;0;0;0;0;0;0;0.5;0;0;29;0;0;0;0.5;0;0;0;0;0;0;0;0;0;0;0;0;0;0;0;0;0;0;0;0;0;0;0;0;0;7.5;0;0;0;0;0;0;0;0.5;0;0;0;0;0;0;0.1;0;0.1;0;0;0;0;0;0;0;0;0;0;0;0;0;0;0;0;0;0;0;3;0;0;0;0;0.5;0;0;0;0;0;0.1;0;0;0;0;0;0.5;0.5;0;0;0;0;0;0;0;0;0;0;0;0;0;0.1;0;0;0;0;0;0;0;0;0;0;0;0.1;1;0;0;0.5;0;0;0;0;0;0.1;0;0.5;0;0.5;0;0;0;0;3;0;0;0;0;0;0;0;0;7.5;0;0;0;0;0;29;0;0;0;0;0.1;7.5;0;0;0;0;0;0;0;0;0;0;0
"sp_137";0;0;17.5;0;0;0;0;0;0;0;0;0;0;0;0;0;0;3;0.5;0.5;0;0;0;0;0;0;0;0;0;0;0;0;0;0;0;0;0;0;0;0;0;0.1;0;0;0;0;0;0;0;0;0;0;0.5;0;0;0;0.5;0;0;0;0;0.1;0;0;0;0;0;0;0;0;0;0.5;0;1;0;0;0;3;0;0;0;1;0;0;0;0;0;0;0.5;0;0;0;0;0;0;0;0;0;3;0;0;0;0;0.1;41.5;0;0;0;0;0;0;0;0;0;0;0;0;1;0;0;0;0;0;0;0.1;0;0;0;0;0;0.1;0;0;0.1;0;0;0;0;0;0;0;0.5;0;0;0.5;0;0;0;0;0;0;0;0;0;0;0;17.5;1;0;7.5;0;0;0;0;0;7.5;0;0;0.1;0;0;0;0;0;0;0;0
"sp_139";0;0;0.5;0;0;0;0;0;0.1;0;0;0;0;0;0;0;0;0.5;3;0;0;0;0;0;0;0;0;0;0;0;0;0;0;0;0;0;0;0;0;0;0;0.5;0;0;0;0;0;0;0;0;0;0;0;0;0;0;0;0;0;0;0;0.5;0.5;0;0;0;0;0;0;0;0;0;0;0;0;0;0;1;0;0;0;0.5;0;0;0;0;0;0;0.1;0;0;0;0;0;0;0;0;0;3;1;0.1;0;0;0;29;0;0;0;0;0;0;0;0;0;0;0;0;3;0;0;0;0;1;0;3;0;0;0;0;0;0;0;0;0;0;0;0;0;0;0;0;0.5;0;0;0;0;0;0;0;0;0;0;0;0;0;0;0.5;1;0;17.5;0;0;0;0;0;29;0;0;0;0;0;0;0;0;0;0;0
"sp_141";0;0;0;0;0;0;0;0;0;0;0;0;0;0;0;0;0;0;0;0;0;0;0;0;0;0;0;0;1;0;0;0;17.5;0;0;0;0;0;0;0;0;0;0;0;0;0;0;0;0;0;0;0;0;0;0;0;0;0;0;0.1;0;0;0;0.1;0;0;0;0.5;0;0;1;0;0;0;0;1;0;0;0;0;0;1;0;0.5;0;0;0;0;0;0;0;0;0;0;0;0;0;0;0.5;0;0.1;0;0;0;0;0;0;0;0;0;0;0;0;0;0;0;0;0;0;0;0;0.5;0;0;0;0;7.5;0;0;0;0;0;0;1;0;0;0;0;0;0;0;0;0;0;0;0;0;0;0;0;41.5;0;0;0;0.5;0;0;0;0;0;0;0;0;0;0;7.5;0;0;0;0;0;0;0;0;0;0;0
"sp_144";0;0;0.5;0;0;0;0;0.1;0;0;0;0;0;0;0;0;0;7.5;3;0;0;0;0;0;0;0;0;0;0;0;0;0;0;0;0;0;0;0;0;0;0.5;0.5;0;0;0.1;0;0;0;0.5;0;0;0;0;0;0;0.5;0;0;0;0;0;0.5;3;0.5;0;0;0;0;0;0;0;0;0;1;0;0;0;3;0;0;0;0;7.5;0;0;0.1;0;0;0.5;0;0;0;0;0;0;0;0;0;3;0;0;0;0;0;0;0;0;0;0;1;0;0;0;0;0;0;3;0.5;0.1;0;0;0.1;3;0;0;0;0;0.5;0;0;3;0;0;3;0;0;0;0;0;0;0;0;0;0;0;0;0;0;0;0;0;0.1;0;0.5;0;0;0.1;0;0;7.5;0;0;0;0;0;7.5;0;0;0;0;0;0;0;0;0;0;0.5
"sp_146";0;0;0.5;0;0;0;0;0;0;0;0;0.5;0;0;0;0;0;7.5;0.5;0;0;0;0;0;0;0;0;0;0;0;0;0;0;0;0;0;0;0;0;0;0;0;0;0;0.5;0;0;0;0;0;0;0;0;0;0;0;0;0;0;0;0;0.5;0.5;0.5;0;0;0;0;0;0;0;0.5;0;0;0;0;0;7.5;0;0;0;0;1;0;0;0;0;0;0.1;0;0;0.5;0;0;0;0;0;0;0.5;0.5;0;0;0;0;0;0;0;0;0;0;0;0;0;0;0;0;17.5;1;0;0;0;0;7.5;0;7.5;0;0;0;0;0.5;0;0;0;0;0;0.5;0;0;0;0;0;0;0;0;0.1;0;0;0;0;0;0;0;0;0.5;0;0;0;0;0;7.5;0;0;0;0;0;0.5;0;0;0;0;0;0;0;0;0;0;0
"sp_148";0;0;0.1;0;0;0;0;0;0;0;0;0.5;0;0;0;0;0;7.5;0.5;0;0;0;0;0;0;0;0;0;0;0;0;0;0;0;0;0;0;0;0;0;0;3;0;0;0;0;0;0;0;0;0;0;0;0;0;0.5;0;0;0;0;0;0.5;0.5;0.5;0;0;0;0;0;0;0;0;0;0;0;0;0;3;0;0;0;0;0;0;0;0.5;0;0;0.5;0;0;0;0;0;0;0;0;0;3;0.5;0;0.1;0;0;0;0;0;0;0;3;0;0;0;0;0;0;29;0.5;1;0;0;0;1;0;7.5;0;0;0;0;0.1;0;0;0.5;0;0;0.1;0;0;0;0.1;0;0;0;0;0;0;0;0;0;0;0;0;0;0.5;0;0;0.5;0;0;3;0;0;0;0;0;0.5;0;0;0;0;0;0;0;0;0;0;0
"sp_152";0;0;0;0;0;0;0;0;0;0;0;0;0;0;0;0;0;0;0.5;0;0;0;0.5;0;0;0;0;0;0;0;0;0;0;0;0;0;0;0;0;0;17.5;7.5;0;0;7.5;0;0;0;0;0;0;0;3;0;0;0.5;0;0.5;0;7.5;0;0;0.5;0.5;0;0;0;0.5;0;0;1;0;0;1;0;0.5;0;0;0;0;0;0;0.5;7.5;0;0;0;0;0;0;1;0;0;0;0.5;0;0;0;3;0;3;0;0;0;0;0;0;0;0;7.5;0;0.5;0;0;0;0;0;0;0;0;0;7.5;0;0;0;0;0;0;0;0;0;0;0;0;0;0;0;0;0;0;0;0;0;0;0;0;0.1;0;0;0;0;0.5;0;3;0;0;3;0;0;0.5;0.5;0;0;0;0;0;0;0;0;0;1;0;1;0;0;0;0
"sp_154";0;0;0.5;0;0;0;0;0;0;0.5;0;0;0;0;7.5;0;0;1;0.5;0;0;0;0;0.5;0;0;0;0;0.5;0;0;0;0;0;0;0;0;0;0;0;0;3;0;0;17.5;0;0;0;0;0;1;0;0.5;0;0;3;0.1;0;0;3;0;0;0;0;0;0;0;0.5;0;0;0;0;0;0.5;0;0.1;0;3;0;0;0;0;0;0;0;0;0.5;0;3;0;0;0;0;0;0;0;0;0;3;0;0;0;0;0;0;0;0;0;0;3;0;0;0;0;0;0;0;0;0;0;0;0.5;0;0;0;17.5;0;0;0;0;0;0;0;0;0;0;0;0;0;0.5;0;0;0;0;0.5;0;0;0;0;0;0;0;0;7.5;0;0;3;0;0;3;0;0;0;0;0;0;0;0;0;0;0;0;0;0;0;0;0
"sp_156";0;0;1;0;0;0;0;0;0;0;0;0;0;0;17.5;0;0;7.5;0.5;0;0;0;0;0;0;0;0;0;0;0;0.5;0;0;0;0;0;0;0;0;0;0;0.5;0;0.1;7.5;0;0.5;0;0;0;0;0;0;0;0;3;0;0;0;0.1;0;0.1;3;0.5;0;0;0;0;0;0;0;0.5;0;0;0;0;0;1;0;0;0;0;1;0;0;0;0;0;0;0;0;0;0;0;0;0;0;0;17.5;0;0;0;0;0;0;0;0;0;0;3;0;0;0;0;0.5;0;7.5;0.5;0;0;0;0;3;0;17.5;0;0;0;0;0.5;0.5;0;0;0;0;0;0;0;0;0.5;0;3;0;0;0.5;0;0;0;0;0;0;0;0;0.5;0;0;0.5;0;0;3;0;0;0;0;0;1;0;0;0;0;0;0;0;0;0;0;0
"sp_157";0;0;0.5;0;0;0;0;0;0;0.5;0;0.5;0;0;3;0;0;7.5;0.5;0;0;0;0;0;0;0;0;0;0;0;0.5;0;0;0;0;0;0;0;0;0;0;0.5;0;0.1;7.5;0;0;0;0;0;0.5;0;0.5;0;0;3;0;0;3;0;0;0;0.5;0.5;0;0;0;0;0;0;0;0.1;0;0;0;0;0;7.5;0;0;0;0;0;0;0;0.5;0;0;0;0;0;0;0;0;0.5;0;0;0;0;0.1;0;0;0;0;0.5;0;0;0;0;0;0;0;0;0;0.5;0;7.5;0;0;0;0.1;0;3;0;17.5;0;0;0;0;0.1;0;0;0;0;0;0;0;0;0;0;0;1;0;0;3;0;0;0;0;0;0;0;0;0.5;0;0;17.5;0;0;7.5;0;0;0;0;0;0;0;0;0.5;0;0;0;0;0;0;0;0.1
"sp_159";0;0;0;0;0;0;0;1;0;0;0;0;0;0;0;0;0;0;3;0;0;0;0.5;0;0;0;0;0;0;0;0;0;0;0;0;0;0;0;0.1;0;41.5;3;0;0;7.5;0;0;0;0;0;1;0;0.1;0;0;0.5;0;0;0;0.5;0;0.5;0;0.5;0;0;0;0.5;0;0;3;0;0;0.5;0;0;0;0;0;0;0;0;0;1;0;1;0;0;0.5;0;0.5;0;0;0;0;0;0;0;7.5;0;0.5;0;0;0;0;0;0;0;0;3;0;0.5;0;0;0;0;0;0;0;0;0;3;3;0;0;0;0;0;0;0;0;0;0.5;0;0;0;0;0;0;1;0;0;0;0;0;0;0;0;0;0.1;0;0;0;0.5;0;0;7.5;0;0;0;0;0;0;0;0;0.5;0;0;0.5;0;0;0;1;0;0;0;0
"sp_161";0;0;0;0;0;0;0;0;0;0;0;0;0;0;0;0;0;0;0;0;0;0;0;0;0;0;0;0;0;0;0;0;0;0;0;0.5;0;0;3;0;1;3;3;0;0;0;0;0;0;0;0;0;0;0;0;0.5;0;0;0;0.5;0;0;0;0;0;0;0;3;0;0;0;0;0;0;0;3;0;0;0;0;0;0;0;0;0;0;0;3;0;0;0.5;0;0;0;0;0;0;0;0;0;3;0;0;0;0;0;0;0;0;0;0;3;0;0;0;0;0;0;0;0;0;0;0;0;0;0;3;0;0;0;0;0;0;0.5;0;0;0;0;0;3;0;0;0;0;0;0;0;0;0;0;17.5;0;0;0;0;0;0;0;0;0;0;0.1;0;0;0;0;0;0.1;0.5;0;0;0;0;0;0;0;0
"sp_162";0;0;0;0;0;0;0;0;0;0;0;0;0.5;0;0;0;0;0;0.5;0;0;0;0;3;0;0;0;0;0;0;0;0;0;0;0;0;0;0;41.5;0;0;0;7.5;0;0;0;0;0;0;0;0;0;3;0;0.5;1;0;0;0;0.1;0;0.5;0;0.5;0;0.1;0;0.5;0.5;0.5;0;0;0;0;0;3;0;0;0;0;0;0;0;1;0;0;0;0.5;0;0;0;0;0;0;0;0;0;0;0;0;0;0;0;0;0;0;0;0;0;0;0;1;0;0;0;0;0;0;0;0;0;0.5;1;0;0;0;0;0;0;0;0;0;0;0;0;0;3;0;0;0;0;0;0;0;0;0;0;0;0.5;0;3;0;0;0.5;0;0;0.5;0;0;0;0.5;0;0;0;0;0;0;1;1;0;0;0;0;0;0;0;0
"sp_163";0;0;3;0;0;0;0;0;0;0;1;0;0.5;0;3;7.5;0.5;0;0;0;0;0;0;0;0;0;0;0;0;0;0;0.5;0;0;0;0;0;0;0;0;0;0;0;0;0;0;0;0;0;0;0;0;3;0;0;0;0.5;0;0;0;0;0;0;0;0;0;0;0;0;0;0;0;0;0;0;0.5;0;0;0;0;0;0.5;0;0;0;0;0.5;0;0;0;1;0;3;0;0;0;0;0;0;0;0;0;0;0;0;0;0;0;0;0;0;0;0;0;0;0;0;0;0;0;0;0;0;0;0;41.5;3;0;0;0;0;0;0;0.5;0;0;0;0;0;0;0;0;0;0;0;0;3;0;0;0;0;0;0;0;0;0;0;0;0;0;0;0;0;0;0;17.5;0;0;0.1;0;0;0.5;0;0.5;0;0;0
"sp_164";0;0;0;0;0;0;0;0.5;0;0;0;0;0.1;0;0;0;0;0;0.1;0;0;0;0;0;0;0;0;0;0;0;0;7.5;0;0;0;0;0;0;0;0;0;0;0;0;3;0;0.5;0;0;0;0;0;0;0;0;0;0;0;0;3;0;0.1;0.1;0;0;0.5;0;0;0;0;0;0;0;3;0;0;0;0;3;0;0;0;0;0;0;0;0;0;0;0;0;0;0;0;0;0;0;0;7.5;0;0;0;0;0;0;0;0;0;0;0;0;0;0;0;0;0;0;0;0;0;0;0;0;0;0;0;3;0;0;0;0;0;0;0;0;0;0;0;0;0;0;0;0;0;0;0;0;0;0;0;0;0;0;7.5;0;0;7.5;0;0;17.5;0;0;0;0;0;0;0;0;0.1;0;0;0.1;0;0;0;0;0
"sp_165";0;0;3;0;0.5;0;0;0;0;0;0;0;0.5;0;7.5;0;0;0;0.5;0;0;0;0;0;0;0;0;0;0;0;3;3;0;0;0;0;0;0;0;0;0;0;0;0;7.5;0;0;0;0;0;0;0;3;0;0;3;0.5;0;0;3;0.1;0;0;0;3;0.5;0;0.5;0;0;0;0;0;1;0;0.5;0;0;0;0;0;0;0;0;0;0;0;0.5;0;0;0;0;0;0;0;0;0.5;0;7.5;0;0;0.5;0;0;0.1;0;0;0;0;0;0;0;0;0;0;0;0;0;0;0;0;0;0;0;0;17.5;3;0;0;0;1;0;0.5;0.5;0;0;0;0;0;0.1;0.5;0;0;0;0;0;0.1;0;0;0;0;0.5;0;3;0;0;7.5;0;0;3;0;0.5;0.5;0;0;7.5;0;0;0;0;0;0.5;0;0.5;0;0;0
"sp_166";0;0;0;0;0;0;0;0;0;0;0;0;3;0;0.1;0;0;0;0;0;0.1;0;0;3;0;0;0;0;1;0;0;3;0;0.1;0;0;0;0;0;0;0;0;0;0;3;0;0;0;0;0;0;0;3;0.5;0;3;0.5;0;0;17.5;0;0.1;0;0.1;0;0;0;0;0;0;0;0;0;3;0;0.5;0;0;0;0;0;0;0.5;1;0;0;0;0;0;0;0.5;0;0;0;0;0;0;0;17.5;0;0;0;0;0;0;0;0;0;0;0;0.5;0;0;0.1;0;0;0;0;0;0;0;1;0;0;0;0;3;0;0;0;0;0.1;0;1;0;0;0;0;0;0;0;0;0;0;0;0;3;0;0;0;3;0.1;0;3;0;0;0;0;0;3;1;3;0;0;0;3;0;0;0.5;0;0;0;0;0;0;0;0
"sp_167";0;0;0.5;0;0;0;0.5;0.5;0;0;0;0;0;0.1;0;0;0;0;0;0;0;0;0.5;0;0;0;0.1;0;0;0;3;0;0;0;0;0;0;0;0;0;0.1;0;0;0;17.5;0;0;0;0;0;0;0;3;0;0.1;3;0.5;0;0;7.5;0;0;0;0;0;0;0;0.5;0;0;0.5;0;0;0;0;0.5;0;0;0;0;1;0;0;0.1;0;0;0;0.5;0;0;0.5;0;0;0;0;0;0;0;17.5;0;0;0;0;0;0;0;0;0;0;1;0;0;0;0;0;0;0;0;0;0;0;1;1;0;0;0;0;0;0;0;0.5;0;0;3;0;0;0;0;0;0;0;0;0;0;0;0;3;0;0;0;0;0.5;0;17.5;0;0;3;0;0;3;0;0;0;0;0.1;3;0;0;3;0;0;0.5;0;0;0;0;0
"sp_168";0;0;0;0;0;0;0;0;0;0;0;0;0;0;0;0;0;0;0;0;0.1;0;0;0;0;0;0;0;0;0;0;0;0;0;0;0;0;0;0;0;7.5;0.5;0;0.1;0;0;0.5;0;0;0;0.5;0;0;0;0;0;0;0;0;0.1;0;0.1;0;0;0;0;0;0;0;0;0;0;0;3;0;0;0;0;0;0;0;0;0;0;0;0;0;0;0.1;0;0;0;0;0;0;0;0;0;0.5;1;0.1;0;0;0;0;0;0;0;0;0.5;0;3;0;0;0;0;0;0;0;0;0;0.1;3;0;0;0;7.5;0;0;0;0;0;0;0;0;0;0;0;0;0;0;0;0;0;0;0;0.5;0;0;0;0.1;0;0;29;0;0;0.5;0;0;3;0;0;0;0;0;0.5;0;0;0;0;0;0;0;0;0;0;0
"sp_170";0;0;0;0;0;0;0;0.5;0;0.5;0;0.1;0;0;0;0;0;3;0.5;0;0;0;0;0;0;0;0;0;0;0;0;0;0;0;0;0;0;0;0;0;0;0;0;0;0;0;0;0;0;0.5;0;0;0;0;0;0;0;0;0;0;0;0;0;0;0;0;0;0;0;0;0;0;0;0;0;0;0;0;0;0;0;0;0;0;0;0.5;0;0;0;0;0;0;0;0;0;0;0;0;0.1;0.5;0;0;0;0.1;0;0;0;0;0;0;0;0;0;0;0;0;0.5;0;0;0;0;0;1;0;41.5;0;0;0;0;0;0;0;0;0;0;0;0;0;0;0;0;0.1;0;0;0.5;0;0;0;0;1;0;0;0;0;0;0;0.5;0;0;0;0;0;0;0;0;0;0;0;0;0;0;0;0;0;0;0;0
"sp_171";0;0;0;0;0;0;0.5;0.5;0;1;0;0;0;0;0;0;0;0;17.5;0;0;0;0;0;0;0;0;0;0.5;0;0;0;0;0;0;0;0;0;0;0;7.5;0;0;0;0;0;0;0;0;0;0;0;0;0;0;0;0;0;0;0;0;0;0.5;0;0;0;0;0;0;0;0;0;0;0;0;3;0;0;0;0;0;0;0;0;0;0;0;0;0;0;0;0;0;0;0;0;0;0;0;0;0.1;0;0;0;0;0;0;0;0;0;0;3;0;0;0;0;0;0;0;0;0;0;0;0;0;0;0;0;0;0;0;0;0;0;0;0;0;0;0;0;0;0;0;0;0;0;0;0;0;0;0;0;0;0;0;0;3;0;0;0;0;0;0;0;0;0;0;0;7.5;0;0.5;0;3;0;0;0;0
"sp_178";3;0;3;0;0;0;0;0;0;0;0;0;3;0;3;0;0.1;0;0.1;0.5;0;0;0;0;0;0;0;0;0;0;1;0;0;0;0;0;0;0;0;0;0;0;0;0;3;0;0;0;0;0;0;0;3;0;0;0.5;0.1;0;0;0.5;0.5;0;0;0;0;0.5;0;0;0;0;0;0;0;0;0;3;0;0;0.1;0.5;0;0;0;0;0;0;0;0;0.5;0;0;0;0;0;0;0;0;0;1;0;0;0;0;0;0;0;0;0;0;0;0;0;0;3;0;0;0;0;0;0;0;0.5;0;0;0;0;0.5;0;0;0;0;0;0;0;0;0;0;0;0;0.1;0;0;0;0;0;0;0.5;0;0;0;0;0.5;0;17.5;0;0;17.5;0;0;0.5;0;0.5;0;0;0;0;0;0;7.5;0;0;0;0;0;0;0;0
"sp_179";0;0;3;0;0;0;0;0;0;0;0;0;0;0;7.5;0;0;0;0;0.5;0;0;0;0;0;0;0;0;0;0;0;0.5;0;0;0;0;0;0;0;0;0;0;0;0.1;3;0;0;0;0;0;0;0;0.5;0;0;0.5;0;0;0;3;0.1;0;0;0;0;0;0;0;0;0;0;0;0;0.5;0;3;0;0;0;0;0;0;0;0;0;0;0;0.5;0;0;0;0;0.1;0;0;0;0;0;3;0;0;0;0;0;0;0;0;0;0;0;0;0;0;0;0;0;0;0;0;0;0;0;0;0;0;0;0;0;0;0;0;0;0;0;0;0;0;0;0;0;0;0;0;0;0;0;0.5;0;0;0;0;0;0;7.5;0;0;29;0;0;7.5;0;0;0;0;0;3;0;0;3;0;0;0;0;0;0;0;0
"sp_181";0.5;0;3;0;0;0;0;0;0;0;0;0;0.5;0;3;0;0;0;0.1;0.5;0.1;0;0;0;0;0;0;0;0;0;3;0;0;0;0;0;0;0;0;0;0;0;0;0;7.5;0;0;0;0;0;0.1;0;3;0;0;0.5;0;0;0;7.5;7.5;0;0;0;0;0.5;0;0.1;0;0;0;0.1;0.1;0;0;0;0;0;0.5;0.5;0;0;0;0;0;0;0.5;3;0;0;0;0;0;0;0;0;0;0;3;0;0;0;0;0;0.1;0;0;0;0;0;0;0;0;0.5;0;0;0;0;0;0;0;0;0;0;0;0;0.5;0;0;0;0;0;0;0;0;0;0;0;0;0;0;0;0;0;0;0;0;0;0;0;0;0.5;0;17.5;0;0;3;0;0;3;0;0;0;0;0.1;0;0;0;7.5;3;0;0;0;0;0;0;0
"sp_182";0;0;1;0;0;0;0;0;0;0;0;0;0.1;0;7.5;0;0;0;0;0;0;0;0;0;0;0;0;0;0;0.1;0;0.5;0;0;0;0;0;0;0;0;0;0;0;0;0;0;0;0;0;0;0;0;3;0;0;7.5;0;0;0;0.5;3;0;0;0;0;0;0;0;0;0;0;0;0;0.1;0;7.5;0;0;0;0.5;0;0;0;0.5;0;0;0;1;0;0;0;0;0;0;0;0;0;0;3;0;0;0;0;0;0;0;0;0;0;0.1;0;0;0;0;0;0;0;0;0;0;0;0;0;0;0;0;0;0;0;0;0;0;0;0;0;0;0;0;0;0.1;0;0;0;0;0;3;0;0;0;0;0;0.1;0;3;0;0;17.5;0;0;3;0;0.5;0;0;0;0.5;0;0;3;3;0;0;0;0;0;0;0
"sp_183";0;0;7.5;0;0;0;3;0;0;0;0;0;0;0;0;0;0;0;0;0;0;0;0;0;0;0;0;0;1;0;0;0.1;0;0;0;0;0;0;0;0;0;0;0;7.5;17.5;0;1;0;0;0;0;0;0.5;0;0;0;0.1;0;0;0;0;0;0;0;0;0;0.5;0;0;0;0;0;0;0;0;0;0;0;0.5;0;0;0;0;0;0;0;0;0;0;0;0;0;0;0;0;0;0;0;0;0;0;0.5;0;0;0;0;0;0;0;0;0;0;0;0;0;0;0;0;0;0;0;0.5;0;0;0;17.5;1;0;0;0;0;0;0;1;0;0;0;0;0;0.1;0;0;0;0;0;0;1;0;0;0;0;0;0;3;0;0;3;0;0;7.5;0;0;0;0;0;7.5;0;0;0;0;1;0;0;0;0;0;0
"sp_184";0.5;0;0;0;0;0;0;0;0;0;0;0;3;0;3;0;0;0;0;0.1;3;0;0;0;0;0;0;0;0;0;0;0;0;0;0;0;0;0;0;0;0;0;0;0;0;0;0;0;0;0;0.5;0;0;0;0;1;0.1;0;0;17.5;7.5;0;0;0;0;0;0;0;0;0;0;0;0;0.5;0;0;0;1;0;3;0.5;0;0;0;0;0;0;0;0;0;0;0;0;0;0;0;0;0;1;0;0;0;0;0;0;0;0;0;0;0;0;0;0;3;0;0;0;0;0;0;0;0;1;0;0;0;0;0;0;0;0;0;0;0;0;0;0;0;0.1;0;0;0;0;0;0;0.5;0;0;0;0;0;0;0;7.5;0;0;3;0;0;7.5;0;0;0;0;3;0;0;0;3;7.5;0;0;0;0;0;0;0
"sp_185";0;0;0;0;0;0;0;0;0;0;0;0;0;0;3;0;0;0;0;0;0;0;0;0;0;0;0;0;0;0;0.5;0.1;0;0;0;0;0;0;0;0;0;0;0;0;0.5;0;0;0;0;0;0.5;0;0;0;0;0;0;0;0;7.5;3;0;0;0;0;0;0;0.1;0;0;0;0;0;0;0;0;0;0.5;0;1;0;0;0;0;0;0;0;0;0;0;0;0;0;0;0;0;0;0;0;0;0;0;0;0;0;0;0;0;0;0;0;0;0;0.1;0;0;0;0;0;0;0;0;0;0;0;0;17.5;0;0;0;0;0;0;0;0;0;0;0;0;0;0;0;0;0;0;0.1;0;0;0;0;0;0.5;0;29;0;0;3;0;0;3;0;0;0;0;0;0;0;0;1;3;0;0;0;0;0;0;0
"sp_186";0;0;3;0;0;0;0;0.5;0;0;0;0;0;0;0.5;0;0;1;0.5;0;0;0;0;0;0;0;0;0;0;0;1;0.1;0;0;0;0;0;0;0;0;0;0.5;0;0;3;0;0;0;0;0;0;0;3;0;0;0;0.5;0;0;0;0;0.1;0;0;0;0.5;0;0;0;0;0;0.1;0;1;0;0.5;0;0.5;0;0;0.1;0;0;0;0;0.5;0;3;0;0;0.1;0;0;0;0;0;0.5;0;3;0;0;0;0;0;0;0;0;0;0;0;0;0;0;0.5;0;0;0;0;0;0;0;0.1;0;0.1;0;29;3;0;0;0;0.1;0;0.5;0.1;0;0;0;0;0;0.5;0;0.5;0;0;1;0;0;0;0;0;0;0.5;0;29;0;0;3;0;0;7.5;0;0;0;0;0.1;3;0;0;0;0;0;0.1;0;0;0;0;0
"sp_187";0;0;0.5;0;0;0;0;1;0;0.5;0;0;0;0;0.5;0;0;0;0.5;0;0;0;0;0;0;0;0;0;0;0;17.5;0;0;0;0;0;0;0;0;0;0;0;0;0;0;0;0;0;0;0;3;0;3;0;0;0.5;0;0.5;0;0;0;0;0.1;0;0;0.5;0;0;0;0;0;0.1;0;0;0;0;0;0.5;0;0;0;0;0;0;0;0;0;0;0;0;0;0;0;0;0;0;0;0;1;0;0;0.1;0;0;7.5;0;0;0;0;0;0;0;0;0;0;0;1;0;0;0;0;0;0;0;17.5;3;0;0;0;0;0;0;0;0;0;0.5;0;0;0;0;0;0.5;0;0;0.5;0;0;0;0;0;0;0;0;17.5;0;0;0.5;0;0;7.5;0;0;0;0;0;0.5;0;0;3;3;0;0;0;0;0;0;0
"sp_189";0;0;0.5;0;0;0;0;0.5;0;0;0;0;0;0;7.5;0;0;0;0;0;0;0;0;0;0;0.1;0;0;0;0;3;0.5;0;0;0;0;0;0;0;0;0;0.5;0;0;3;0;0.5;0;0;0;0;0;7.5;0;0;3;0;0;0;0.1;0;0;0.1;0.1;0;0;0;0;0;0;0;0;0;0;0;0.1;0;0;0;1;0;0;0;0;0;0.5;0.5;0;0;0;0;0;0;0;0.5;0;0;0;3;0;0;0.5;0.1;0;0;0;0;0;0;0;0;0;0;0.5;0;0;0;0;0;0;0;0;0;0;0;41.5;0;0;0;0;0;0;0.1;0;0;0;0;0;0;0.5;0;0;0;0;1;0;0;0;0;0;0;0;0;0.5;0;0;3;0;0;7.5;0;0;0;0;0;3;0;0;0;0;0;0;0;0;0;0;0
"sp_193";0;0;0;0;0;0;0;0;0;0;0;0;0;0;0;0;0;0;7.5;0;0;0;0;0.5;0;0;0;0;0;0;0;0;0;0;0;0;0;0;0;0;7.5;3;0;0;0;0;0;0;0;7.5;0.1;0;17.5;0;0;3;0;0;0;0;0;0;0;0;0;0.1;0;1;0;0;1;0;0;0;0;17.5;0;0;0;0;0;0;0;0;0;0;0;7.5;0;0;0.5;0;0;0;0;0;0;0;0;0;0.1;0;0;0;0;0;0;0;0;1;0;0.5;0;0;0;0;0;0;0;0;0;0;0;0;7.5;0;0;0;0;0;0;0;0;0;0;0;0;0;0;0.5;0;0;0;0;0;0;0;0;0;0;0;0;0;3;0;0;0.5;0;0;0.5;0;0;0;0;0;0.5;0;0;0;0;1;0;0;0;0;0;0
"sp_194";0;0;0;0;0;0;0;0.5;0;0;0;0;0;0;0;0;0;0;0.5;0;0;0;0;0;0;0;0;0;0.5;0;0;0;0;0;0;0;0;0;0;0;0;3;0;0;0;0;0;0;0;3;0;0;0;0;0;3;0;0;0;3;0;0.1;0;0.5;0;0;0;1;0;0;0.5;0;0;1;0;17.5;0;0;0;0;0;0;0;0.5;0;0;0;3;0;0;17.5;0;0;0;0;0;0;0;0.5;0;0;0;0;0;0;0;0;0;0;3;0;0;0;0;0;0;0;0;0;0;0;0;0;0;3;0;0;0;0;0;0;0;0;0.5;0;0;0;0;0;0;0;0;0;0;0;0;0.1;0;0;0;3;0;0;0;0;0;3;0;0;0;0;0;0;0;0;0;0;0;0;0;0;0;0;0;0;0;0
"sp_198";0;0;0;0;0;0;0;0;0;0;0;0;0;0;0;0;0;0;17.5;0;0;0;7.5;0;0;0;0;0;0;0;0;0;0;0;0;0;0;0;0;0;0.5;0;0;0;17.5;0;1;0;0;0;0;0;7.5;0;0;3;0;0;0;0;0;0.5;0;0.1;0;0;0;7.5;0;0;7.5;0;0;0;0;0;0;0;0;0;0;0;0;3;0;0;0;0.5;0;0;0;0;0;0;0;0;0;0;0;0;0.5;0;0;0;0;0;0;0;0;3;0;0;0.1;0;0;0;0;0;0;0.5;0;0.5;3;0;7.5;0;0;0.5;0;0;0;0;0;0.5;0;0;0;7.5;0;0;0;0;0;0;0;0;0;0;0;0;0;0;0;3;0;0;0;0;0;1;0;0;0;0;0;0;7.5;0;0;0;0;0;0;0;0;0;0
"sp_199";0;0;0;0;0;0;0;0.5;0;0;0;0;0;0;0;0;0;0;3;0;0.1;0;0;0;0;0;0;0;0;0;0;0;0;0;0;0;0;0;0;3;29;3;0;0;0;0;1;0;0;0;0;0;0.5;0;0;0.5;0;0;0;0;0;0;0;0.5;0;0.5;0;0;0;0;0;0;0;0;0;0;0;0;0;0;0;0;0;1;0;1;0;0;0.5;0;0;0;0;0;0;0;0;0;3;1;0;0;0;0;0;0;0;0;0;0.5;0;0;0;0;0;0;0;0;0;0;0;0;0;0;7.5;0;0;0;0;0;0.5;0;0;3;0;0;0;0;0;0.5;0;0;0;0;0;0;0;0;0;0;0;0;0;7.5;0;0;7.5;0;0;0.5;0;0;0;0;0.5;3;0;0;0;0;1;0;0;0;0;0;0.5
"sp_200";0;0;0;0;0;0;0;0;0;0;0;0;0;0;0;0;0;0;0.5;0;0;0;0;0.5;0;0;0;0;0;0;0;0;0;0;0;0;0;0;0;0;0;3;0;0;0;0;0;0;0;7.5;0.5;0;0.1;0;0;0.5;0;0;0;0.1;0;0;0;0;0.5;0;0;0;0;0;0;0.1;0;0;0;3;0;0;0;0;0;0;0;0;0;0;0;3;0;0;0;0;0;0;0;0;0;0;0;3;0;0;0;0;0;0;0;0;0;0;0;0;0;0;0;0;0;0;0;0;0;0;0;0;0;0;0;0;0;0;0;0;0;0;0;0;0;0;0;0.5;0;0;0;0;0;0;0.1;0;0;0;0;0;0;3;0;0;7.5;0;0;0;0;0;0;0;0;0;0;0;0;0;0;0;0;0;0;0;0
"sp_201";0;0;0;0;0;0;0;0;0;0;0;0;0;0;0;0;0;0;3;0;0;0;0;0;0;0;0;0;0.5;0;3;0;0;0;0;0;0;0;0;0;0.5;0.5;0;0;0;0;0;0;0;0;0;0;0;0;0;0.5;0;0;0;0.5;0;0.5;0;0.5;0;0;0;0;0;0;7.5;0;0;0;0;0.1;0;0.5;0;0;0;0;0;0;0;0;0;0.5;0;0;0;0;0;0;0;0;0;0;0.5;0;0;0;0;0;0;0;0;0;0;3;0;0.5;0;0;0;0;0;0.1;0;0;0;0;3;0;0;0;0;0;0;0;0;0;0;0;0;0;0;0;0;0;0;0;0;0;0;0;0;0;0;0;0;0;0;3;0;0;3;0;0;17.5;0;0;0;0;0;0;0;0;0.5;0.5;0;0;0;0;0;0;0
"sp_204";0;0;3;0;0;0;0;0.1;0;0;0;0.5;0.1;0;0;0;0;0;0;0;0;0;0;3;0;0;0;0;0;0;0;0;1;0;0;0;0;0;0;0;0;0.5;0.5;0;7.5;0;0;0;0;0;0;0;41.5;0;0.5;7.5;0;0;0;0.5;0;0.1;0;0.5;0;0;0;0.5;0;0;0.5;0;0;0;0;3;0;3;0;0;0;0;0;0;0;0;0;3;0;0;0;0;0;0;0;0;0;0;0;0;0.1;0;0;0;0;0;0;0.1;0;0.5;0;3;0;0;0.5;0;3;0;0;0;0;3;0;0;0;0;0;0;0;0;0;0;0;0;0;0.1;0;0;0;0;0;0;0;0;0;0;0;0;0;0;0;0;0;3;0;0;0.5;0;0;0;0;0;0;0;0;0;0;1;3;0;0;0;0;0;0;0;0
"sp_207";0;0;7.5;0;0;0;0;1;0;0;0;0;0;0;0;3;0;0;0;0;0;0;0;0;0;0;0;0;0;0;0;0;1;0;0;0;0;0;0;0;0;0;0;17.5;7.5;0;0;0;0;0;0;0;0.5;0;0;0;0;0;0;0.1;0;0;0;0;0;0;0;0;0;0;0;0;0;0;0;1;0;0;0;0;0;1;0;0;0;0;0;0;3;1;0;0;0.1;0;0;0;0;0;0;0;0;0;0;0;0;0;0;0;0;0.5;0;0;0;0.5;0;0;0;0;0;0;0;0;0;0;0;41.5;3;0;0;0;0;0;0;1;0;0;0;0;0;1;0;0;0;0;0;0;0;0;0;0;0;0;0;0;0;0;0;0;0;7.5;0;0;0;0;0;3;0;0;0;0;0;0;0;0;0;0;0
"sp_212";3;0;7.5;0;0;0.5;0;0;0;0;0;0;0;0;0;0.5;0;0;0;0;0;0;0;0;0;3;0;0;0;0;1;0;1;0;0;0;0;0;0;0;0;0;0;7.5;0;0;0;0;0;0;0;0;0.5;0;0;0;0;0;0;0;0;0;0;0;3;0;0;0;0;0;0;0;0;3;0;0.5;0;0;0;0;0;7.5;0;0;0;0;7.5;0;3;1;0;0;0;0;0;0;0;0;0;0;0;0;0;0;0;0;0;0;0;0;0.5;0;0;0.5;0;0;0;0;0;0;0;0;0;0;0;0;17.5;0;0;0;0;0;0;1;0;0;0;0;0;0.5;0;0;0;0;0;0;0;0;0;0;0;0;0;0.5;0;0;0;0;0;3;0;0.1;0;0;0;17.5;0;0;0.5;0;0;0;0;0;0;0;0
"sp_213";3;0;3;0;0;3;3;0;0;0;0;0;0;0;0;0.1;0;0;0;0;0;0;0;0;0;0.5;0;0;0;0;0;0;3;0;0;0;0;0;0;0;0;0;0;0.5;0;0;0;0;0;0;0;0;0.5;0;0;0;0;0;0;0;0;0;0;0;3;0;0;0.1;0;0;0;0;0;0.5;0;3;0;0;0;0;0;7.5;0;0;0;0;0;0;0.5;0.5;0;0;0;0;0;0;0;1;0;0;0;0;0;0;0;0;0;0;0;0;0;0.1;0;0.1;0;0;0;0;0;0;0;1;0;0;0;7.5;7.5;0;0;0;0;0;0;1;0;0;0;0;0;0.1;0;0;0;0;0;0.1;0;0;0;0;0;0.5;0;0;0;0;7.5;0;0;7.5;0;0;0;0;0;29;0;0;0.5;0;0;0;0;0;0;0;0
"sp_215";3;0;17.5;0;0;0;0;0;0;0;0;0;0;0;0;0.1;0;0;0;0;0;0;0;0;0;3;0;0;0;0;0;0;0.5;0;0;0;0;0;0;0;0;0;0;3;0;0;0;0;0;0;0;0;3;0;0;0;0;0;0;0;0;0;0;0;0.5;0;0;0;0;0;0;0;0;0.5;0;3;0;0;0;0;0;3;0;0;0;0;0.1;0.5;0;0;0;0;0;0;0;0;0;0.1;0;0;0;0;0;0;0;0;0;0;0;0;0;0;0;0.5;0;0;0;0;0;0;0;0;0;0;0;3;0;0;0;0;0;0;0;0.5;0;0;0;0;0;0.1;0;0;0;0;0;0.1;0;0;0;0;0;0;0;0.1;0;0;17.5;0;0;7.5;0;0;0;0;0;17.5;0;0;0;7.5;0;0;0;0;0;0;0
"sp_217";0;0;3;0;0;0;0;0;0;0;0;0;0;0;0;0;0;0;0;0;0;0;0;0.5;0;0;0;0;0;0;0;0;0;0;0;0;0;0;0;0;0;0;0;0.5;0;0;0;0;0;0;0;0;0;0;0;0;0;0;0;0;0;0;0;0;0;0;0;0;0;0;0;0;0;0;0;0.5;0;0;0;0;0;3;0;0;0;0;0.5;0;0.5;0.5;0;0;0;0;0;0;0;0;0;0;0;0.5;0;0;0;0;0;0;0;0;0;0;0;0;0;0;0;0;0;0;0;0;0;0;0;0;7.5;0;0;0;0;0;0;0;0;0;0;0;0;0;0;0;0;0;0;0;0.5;0;0;0;0;0;0;0;0.5;0;0;0;0;1;0;0.5;0;0;0;62.5;0;0;0;0;0;0;0;0;0;0;0
"sp_218";0;0;0;0;0;0;0;0;0;0;0;0;0.5;0;0;0;0;0;0;0;0;0;0;0;0.5;0;0;0;0;0;0;0.1;0;0;0;0;0;0;0;0;0;0;0;0.5;0;0;0;0;0;0;0;0;0;0;0;0;0.1;0;0;0;0;0;0;0;0;0;0;0;0;0;0;0;0;0.5;0;0;0;0;0;0;0;7.5;0;0;0;0;0;0;0.5;3;0;0;0;0;0;0;0;0.5;0;0;0;0.5;0;0;0;0;0;0;0;0;0;0;0;0;0;0;0;0;0;0;0;0;0;0;0;0;17.5;0;0;0;0;0;0;0.5;0;0;0;0;0;0;0;0;0;0;0;0;0;0;0;0;0;0;0;0;0.5;0;3;0;0;7.5;0;0;0;0;0;62.5;0;0;0.5;0;0;0;0;0;0;0;0
"sp_219";0;0;3;0;0;0;0;0;3;0;0;0;0;0;0;0.1;0;0;0;1;0;0;0;0;0;0;0;0;0;0;3;0.5;0;0;0;0;0;0;0;0;0;0;0;0;0;0;0;0;0;0;0;0;0.5;0;0;0;0.1;0;0;0;0;0;0;0;1;0;0;0;0;0;0;0;0;0.5;0;0;0;0.5;0;0;0;0;0;0;0;1;0;0;0.5;3;0;0;0;0;0;0;0;0.5;0;0;0;0.5;0;0;0;0;0;0;0;0;0;0;0;0.5;0;0;0;0;0;0;0;0;0;0;0;0;0;0;0;0;0;0;0;1;0;0;0;0;0;0;0;0;0;0;0;0;0;0;0;0;0;0;0;0;0;0;3;3;0;7.5;0;0.5;0.1;0;0;62.5;0;0;0;0;0;0;0;0;0;0;0
"sp_222";0;0;3;0;0;0;0;0;0;0;0;0;3;0;0;0;0;0;0;0;0;0;0;3;0;0;0;0;0;0;0;0;0;0;0;0;0;0;0;0;0;0;0;0.5;0;0;0;0;0;0;0;0;3;0;0;1;0;0;0;0.5;0;0.5;0;0.5;0;0;0;0.5;0;0;0;0;0;0;0;41.5;0;0;0;0;0.1;0.5;0;0;0;0;0;7.5;0;0;0;0;0;0;0;0;0;0;0;0;0;0;0;0;0;0;0;0;0;0;0;0.5;0;0;0;0;0;0;0;0;0;0;0;0;0;0;0;0;0;0;0;0;0;0;0;0;0;0;0;1;0;0;0;0.5;0;0;0;0;0;0;3;0;0;3;0;0;0;0;0;0;0;0;0;0;0;3;0;0;0;0;0;0;0;0;0;0;0
"sp_223";0;0.5;0.5;0;0;0;0;0;0;0;0;0;0;0;0;0;0;1;3;0;0;0;0;0;0;0;0;0;0;0;0;0;0;0;0;0;0;0;0;0;0;0;0;0.1;0;0;0;0;0;0;0;0;0;0;0;0;0;0;0;0;0;0;0;0;0;0;0;0;0;0;0;0;0;0;0;0.1;0;0;0;0;0;0;3;0;0;0;0;0;0.5;0;0;0;0;0;0;0;0;0;17.5;0;0;0;0;3;3;0;0;0;0;0;0;0;0;0;0;0;3;0;0;0;0;0;0;0;41.5;0;0;0;0;0;0;0;0;0;0;0.5;0;0;0.1;0;0;1;0;0;0;0;0;0;0;0;0;0.1;0;0.5;0;0;7.5;0;0;3;0;0;0;0;0;3;0;0;0;0;0;0;0.1;0;0;0;0.1
"sp_224";0;0;3;0;0;0;0;0;0;0;0;0;0.5;0;0;0;0;0;3;0;0;0;0;0;0;0;0;0;0;0;0;0;0;0;0;0;0;0;0;0;0;0;0;0;3;0;1;0;0;0;1;0;0;0;0;1;0;0;0;0;0;0;0;0;0;0;0;0.5;0;0;0;0;0;0;0;0;0;17.5;0;0;0;0;1;0;0;0;0;0;0;0;0;0;0.5;0;0;0;0;0;0.5;0;0;0;0;0;0;0;0;0;0;0;0;0;0;0.1;0;0;0;0;0;0;0;0;1;0;0;0.5;0;0;0;0;0;0;0;0;0;0;0;0;0;0.5;0;0.5;0;0;0;0;0;0;0;0;0;0.1;0;3;0;0;7.5;0;0;41.5;0;0;0;0;0;0.5;0;0;0;0;0;0;0;0;0;0;0
"sp_225";0;0;7.5;0;0;0;0;0;1;0;0;0;0;0;0;0;0;0;0;0;0;0;0;0;7.5;0;0;0;0;0;0;0;0;0;0;0;0;0;0;0;0;0;0;0;0;0;0;0;0;0;0;0;0;0;0;0;0.5;0;0;0;0;0;0;0;0.5;0;0;0;0;0;0;0;0;1;0;0;0;0;0;0;0;17.5;0;0;0;0;0;0;0;0.5;0;0;0;0;0;0;0;0;0;0;0;1;0;0;0;0;0;0;0;0;0;0;0;0;0;0;0;0;0;0;0;0;0;0;0;0;3;0;0;0;0;0;0;0;0;0;0;0;0;0;0;0;0;0;0;0;0;0;0;0;0;0;0;0;0;0;0;0;0;0.5;0;0;0;0;0;62.5;0;0;0;0;0;0;0;0;0;0;0
"sp_226";0;0;0;0;0;0;0;0.5;0;1;0;0;0;0;0;0;0;7.5;0.1;3;0;0;0;0;0;0;0;0;0;0;0;0;0;0;0;0;0;0;0;0;0;3;0;0.5;0;0;0;0;0;7.5;0;0;0.5;0;0;0;0;0;0;0;0;0;0.1;0.5;0;0;0;0;0;0;0.5;0;0;0.5;0;0.5;0;7.5;0;0;0;0;1;0;0;0;0;0;7.5;0.5;0;0;0;0;0;0;0.1;0;0;0;0;0;0;0;0;0;0;0;0;0;0;0.1;0;0;0;0;0;0;0;0;0;0;0;0.5;0;0;0;0;0;0;0.5;0;0.1;0;0;0;0;0;0;0;0;1;0;0;0;0;0;0;0;0;0;0;0;7.5;0;0;7.5;0;0;0;0;0;0;0;0;0;0;0;0.5;0;0;0.5;0;0;0;0;0
"sp_227";0;0;3;0;0;0;0;0.1;0;0;0;0;0;0;0;0;0;0;3;1;0;0;0;0;0;0;0;0;0;0;0;0;0;0;0;0;0;0;0;0;0;0.5;0;0;0;0;0;0;0;3;0;0;0.1;0;0;0;0;0;0;0.1;0;0;0;0.5;0;0;0;0.5;0;0;0;0;0;0;0;0.5;0;0;0.5;0;0;0;1;0;0;0.1;0;0;3;0;0;0;0;0;0;0;0;0;7.5;0.5;0;0;0;0;0;0;0;0;0;0;0;0;0;0;0;0;0;0;0;0;0;0;0;0;0;0;0;0;0;0;0;0;0;0;0;0;0;0;0;0.5;0;0;0;0;0;0;0;0;0;0;0;0;0;3;0;0;3;0;0;41.5;0;0;0;0;0;0;0;0;0.1;0;0;0;0;0;0;0;0
"sp_230";0;0;0;0;0;0;0;0.1;0;0;0;0;0;0;0;0;0;0;7.5;0;0;0;0;0;0;0;0;0;0;0;0;0;0;0;0;0;0;0;0;0;0;0.5;0;0;0;0;1;3;0;1;3;0;0;0;0;0.5;0;0;0;0;0;0.5;0;0.5;0;0;0;0.5;0;0;7.5;0;0;0.1;0;0;0;7.5;0;0;0;0;1;0;0;0.5;0;0;0.5;0;0;0;0;0;0;0;0;0;17.5;0;0;0;0;0;0;0;0;0;0;1;0;0;0;0;0;0;0;0;0;0;0;0;1;0;0;0;0;0;0;0;0;0;0;0;0;0;0;0;0;0;0;0;0;0;0;0;0;0;0;0;0;0;0;3;0;0;3;0;0;17.5;0;0;0;0;0;7.5;0;0;0;0;0;0;0;0;0;0;0
"sp_231";0;0;0;0;0;0;0;0.5;0;0;0;0;0;0;0;0;0;0;17.5;1;0;0;0;0;0;0;0;0;0;0;0;0;0;0;0;0;0;0;0;0;1;7.5;0;0;3;0;0;1;0;3;7.5;0;3;0;0;0;0;0;0;0;0;0.5;0.1;0.5;0;0;0;0.5;0;0;0;0;0;0.5;0;0;0;3;0;0;3;0;0;0;0;0;0;0;0.5;0.5;0;0;0;0;0;0;0;0;7.5;0;3;0;0;0;0;0;0;0;0;0.5;0;0.5;0;0;0;0;0;0;0;0;0;0;1;0;0;0;0;0;0;0;0;0;0;0;0;0;0;0;0;0;0;0;0;0;0;0;0;0;0;0;0;0;1;17.5;0;0;7.5;0;0;7.5;0;0;0;0;0;0;0;0;0;0;0;0;0;0;0;0;0
"sp_232";0;0;0;0;0;0;0;0;0;0;0;0;0;0;0;0;0;0;17.5;0.5;0;0;0;0;0;0;0;0;0;0;0;0;0;0;0;0;0;0;0;0;0.5;7.5;0;0;0;0;0;0;0;3;3;0;0.1;0;0;0;0;0;0;0;0;0;0;0.1;0;0;0;0;0;0;0;0;0;0.5;0;0;0;0;0;0;0.1;0;0;0;0;0;0;0;3;0;0;0;0;0;0;0;0;0;7.5;0;0;0;0;0;0;0;0;0;0;3;0;0;0;0;0;0;0;0;0;0;0;0.1;1;0.1;0;0;0;0;0;0;0.1;0;0;0;0;0.1;0;0;0;0;0;0;0;0;0;0;0;0;0;0;0;0;0;17.5;0;0;17.5;0;0;7.5;0;0;0;0;0;0;0;0;0;0;0;0;0;0;0;0;0
"sp_233";0;0;0;0;0;0;0;0.5;0;0;0;0;0.1;0;0;0;0;0;7.5;1;0;0;0;0;0;0;0;0;0;0;0;0;0;0;0;0;0;0;0;0;0.1;0.5;0;0;7.5;0;0;0;0;3;0;0;0;0.1;0;7.5;0;0;0;3;0;3;0;0.5;0;0;0;0.5;0;0;0.5;0;0;0.5;0;0;0;0;0;0;0;0.5;0;0;0;0;0;0;7.5;0;0;0;0;0;0;0;0;0;3;0;3;0;0;0;0;0;0;0;0;7.5;0;1;0;0;0;0;0;0;0;0;0;3;1;0;0;0;0;0;0;0;0;0;0;0;0;0.1;0;0;0;0;0;0;0;0;0;0;0.5;0;0;0;7.5;0;0;3;0;0;17.5;0;0;3;0;0;0;0;0;0.5;0;0;0.5;0;0;0;0;0;0;0;0
"sp_234";0;0;0;0;0;0;0;0;0;0;0;0;0;0;0;0;0;0;0.5;0;0;0;0;0;0;0;0;0;0.5;0;0;0;87.5;0;0;0;0;0;0;0;0;0;0;0;0.1;0;0;0;0;0;0;0;0;0;0;0.5;0;0;0;0.5;0;0.1;0;0.5;0;0;0;0.1;0.1;0;3;0;0;0;0;0.5;0;0;0;0;0;0;0;0;0;0;0;0;0;0;0;0;0;0;0;0;0;0;3;0.5;0;0;0;0;0;0;0;0;0;0;0;3;0;0;0;0;0;0;0;0;0;0;0;0;0;0;0;0;0;0;0;0;0;0;0;0.5;0;0;0;0;0;0;0;0;0;0;0.5;0;0;0;0;0;0;0;0;0;0;0;0;1;0;0;0;0;0;0;0;0;0.5;0;0;0;0;0;0;0;0
"sp_236";0;0;29;0;0;0;0;0;0;0.5;0;0.1;0;0;0;0;0;3;0;1;0;0;0;0;0;0;0;0;0;0;0;0;0;0;0;0;0;0;0;0;0;0;0;0.5;0.5;0;0;0;0;0;0;0;0;0;0;0.5;0;0;0;0;0;0;0;0;0;0;0;0.5;0;0;0;0.5;0;0.5;0;0.5;0;3;0;0;0;0;0;0;3;0.5;0;0.5;0;0;0;0;0.1;0;0;0;0;0;0;0;0;0;0;0;0;0;0;0;0;0;0;0;0;0;0;0;41.5;0;0;0;0;0;0;0;0;0;1;0;0;0;0.5;0;0;0;0;0;0;0;0;0;0;1;0;0;0.5;0;0;0;0;0;0;0;0;0;0;0;7.5;1;0;0.5;0;0;0;0;0;0.5;0;0;0.1;0;0;0;0;0.5;0;0;0.1
"sp_237";0;0;0;0;0;0;0;0;0;0;0;0;0;0;0;0;0;3;3;0.5;0;0;0;0;0;0;0;0;0;0;0;0;0;0;0;0;0;0;0;0;0.5;1;0;0;0;0;0;0;0;0.5;0;0;0;0;0;0.5;0;0;0;0.1;0;0;0;0.1;0;0;0;0;0;0;0;0;0;0.5;0;3;0;3;0.1;0;0;0.1;0.5;0;0;0.5;0;0;7.5;0;0;0;0;0;0;0;0;0;0;0.5;0;0;0;0;0;0;0;0;0;0;0;0;0;0;0;0;0;0;0;0;0;0;0;0;0;0;0;0;0;0;1;0;0;0;0;0;0;0;0;0;0;0;0;0;0;0;0;0;0;0;0;0;0;3;0;0;7.5;0;0;0.1;0;0;0;0;0;0.5;0;0;0;0;0;0;0;0;0;0;0
"sp_238";0;0;0;0;0;0;0;0.5;0;0;0;0;0;0;0;0;0;0;0;0.5;0;0;0;0;0;0;0;0;0;0;0;0;0;0;0;0;0;0;0;0;0;3;0;0;0;0;0;0;0;3;0;0;0;0;0;0;0;0;0;0;0;0;0;0.1;0;0;0;0;0;0;0;0;0;0.5;0;0.5;0;3;0;0;0;0.5;0.5;0;0;0.5;0;0;17.5;0;0;0;0;0;0;0;0;0;0.5;0;0;0;0;0;0;0;0;0;0;0.5;0;0;0;0;0;0;0;0;0;0;0;0;0;0;0;0;0;0;0;0;0.5;0;0;0;0;0;0;0;0;0.1;0;0;0;0;0;0;0;0;0;0;0;0;0;17.5;0;0;17.5;0;0;0;0;0;0;0;0;0;0;0;0;0;0;0;0;0;0;0;0
"sp_239";0;0;0;0;0;0;0;0;0;0.1;0;0;0;0;0;0;0;0;0.1;0;0;0;0;0;0;0;0;0;0;0;0;0;0;0;0;0;0;0;0;0;0;0;0;0;0;0;0;0;0;0;0;0;0;0;0;0;0;0;0;0;0;0;0;0;3;0;0;0;0;0;0;0;0;0.5;0;17.5;0;17.5;0;0;0;0.5;0;0;0;0;0;0;7.5;0;0;0;0;0;0;3;0;0;0;3;0;0;0;0;0;0;0;0;0;0;0;0;0;0;0;0;0;0.5;0;0;0;0;0;0;0;0;3;0;0;0;0;0;0;0;0;0;0;0;0;0;0;0;0;0;0;0;0;0;0;0;0;0;0;0;0;0;7.5;0;0;17.5;0;0;0;0;0;7.5;0;0;0;0;0;0;0;0;0;0;0
"sp_240";0;0;0.5;0;0;0;0;0;0;0;0;0;0;0;0;0;0;0;0.1;0.5;0;0;0;0;0;0;0;0;0;0;0;0;0;0;0;0;0;0;0;0;0;0.5;0;0;0;0;0;0;0;0;0;0;0;0;0;0;0;0;0;0.5;0;0;0;0;3;0;0;0.1;0;0;0;0;0;0.1;0;0.5;0;17.5;0.5;0;0;0.1;0;0;0;1;0;0;3;0;0;0;0;0;0;0;0;0;0;3;0;0;0;0;0;0;0;0;0;0;0;0;0;0;0;0;0;0;0;0;0;0;0;0;0;0;0;0;0;0;0;0;0;0;0;0;0;0;0;0;0;0;0;0;0;0;0;0;0;0;0.1;0;0;0.5;0;0;7.5;0;0;17.5;0;0;0;0;0;17.5;0;0;3;0;0;0;0;0;0;0;0
"sp_241";0;0;0.5;0;0;0;0;0;0;0;0;0.1;0;0;0;0;0;0;3;0.5;0;0;0;0;0;0;0;0;0;0;0;0;0;0;0;0;0;0;0;0;0;0.5;0;0;0;0;0;0;0;0.5;0;0;0;0;0;0;0;0;0;0.5;0;0;0;0.5;0.5;0;0;0;0;0;0;0;0;0.5;0;0.5;0;7.5;0.5;0;0;0;0;0;0;0.5;0;0;0.5;0;0;0;0;0;0;0;0;0;0;0;0;0;0;0;0;0;0;0;0;0;0;0;0;0;0;0;29;0;0;0;0;0;1;0;0;0;0;0;0;0;0;0;0;0;0;0;0;0;0;0;0;0;0;0;0;0;0;0;0;0;0;0;0;0;0;0;3;0;0;17.5;0;0;0;0;0;3;0;0;0;0;0;0;0;0;0;0;0
"sp_242";0;0;0;0;0;0;0;0;0;0;0;0;0;0;0;0;0;0;3;3;0;0;0;0;0;0;0;0;0;0;0;0;0;0;0;0;0;0;0;0;0;0.5;0;0;0;0;0;0;0;0;0;0;0;0;0;0.5;0;0;0;0;0;0;0.1;0.5;0;0;0;0.1;0;0;0;0;0;0.5;0;0.5;0.5;7.5;0;0;0;0;0.5;0;0;0;0;0;0.5;0;0;0;0;0;0;0;0;0;0;3;0;0;0;0;0;0;0;0;0;3;0;0;0;0;0;0;17.5;0;0;0;0;0;1;0;0;0;0;0;0;0;0;0;0;0;0;0;0;0;0;0;0;0;0;0;0;0;0;0;0;0;0;0;0;3;0;0;0.5;0;0;17.5;0;0;0;0;0;0;0;0;0;0;0;0;0;0;0;0;0.1
"sp_245";0;3;3;0;0;0;0;0;0;0;0;0;0;0;0;0;0;17.5;3;0.5;0;0;0;0;0;0;0;0.1;0;0;0;0;0;0;0;0;0;0;0;0;0;0;0;0;0;0;0;0;0;3;0;0;0;0;0;0;0;0;0;0;0;0;0;0.1;0;0;0;0;0;0;0;0;0;0;0;0;0;3;0;0;0;0;17.5;0;0;0;0;0;0.5;0;0;0;0;0;0.5;0;0;0;0;1;0;0;0;0;0;0;0;0;0;0;0;0;0;0;0;0;0;3;0;0;0;0;0;0.5;0;0;0;0;0;0;0;0;0;0;0;1;0;0;0.5;0.1;0;0;0;0;0.1;0;0;0;0;0;0;0;0;0;0;0;3;0;0;0;0;0;0;0;0;3;0;0;0;0;0;0;0;0;0;0;0
"sp_246";0;0;0;0;0;0;0;0.5;0;0;0;0;0;0;0;0;0;0;3;0.1;0;0;0;0.5;0;0;0;0;17.5;0;0;0;0;0;0;0;0;0;0;0;1;0.5;0;0;3;0;3;0;3;3;3;0;0;0;0;3;0;0;0;0;0;0;0;0.5;0;0;0;0.1;0;0;0;0;0;0;0;1;0;0;0;0;0;0;0;0;0;0;0;0;0.5;0;0;0;0;0;0;0;0;0;0;0.5;0;0;0;0;0;0;0;0;0;0;0;0;0;0;0;0;0;0;0;0;0;0;0;0;0;0;0;0;0;0;0;0;0;0;0;0;0;0;0;0;0;0;0;0;0;0;3;0;0;0;0;0;0;0;0;0;0;0;0;0.5;0;0;0;0;0;0;0;0;0.5;0;0;0;0;0;0;0;0
"sp_248";0;0.1;7.5;0;0;0;0;0;0;0;0;0;0;0;0;0;0;17.5;0;7.5;0;0;0;0;0;0;0;0.5;0;0;0;0;0;0;0;0;0;0;0;0;0;0.5;0;0.1;0;0;0;0;0;0.5;0.5;0;0.5;0;0;0;0;0;0;0;0;0;3;0;0;0;0;0;0;0;0;0;0;0;0;0;0;3;0;0;0;0;0.5;0;0;0.5;0;0;0.5;0;0;0;0;0;0.5;0;0;0;0;0;0;0;0;0;0;0;0;0;0;0;0;0;0;0;0;0;7.5;0;0;0;0;0;0;0.5;0;0;0;0;0;0;0.5;0;0;0;0;0;0;0;0.5;0;0;1;0;0;0.5;0;0;0;0;0;0;0.1;0;3;0;0;0.5;0;0;7.5;0;0;0;0;0;0.5;0;0;0.5;0;0;0;0;0;0;0;0.1
"sp_249";0;0.1;3;0;0;0;0;0.5;0;3;0;0;0;0;0;0;0;7.5;3;0.5;0;0;0;0;0;0;0;0;0;0;0;0;0;0;0;0;0;0;0;0;0;0.5;0;0.1;0;0;0;0;0;3;0;0;0;0;0;0.1;0;0;0;0;0;0.5;0;0;0;0;0;0;0;0;0;0;0.5;0;0;0.1;0;0;0;0;0;0;0;0;0;0;0;0;0.5;0;0;0;0;0;0;0;0;0;0;0;0;0;0;0;0;0;0;0;0;0;0;0;0;0;0;0;7.5;0;0;0;0;0;0;0;0;0;0;0;0;0;0;0;0;0;0;0.1;0;0;0;0;0;0;0;0;0.5;0;0;0;0;0;0;0;0;3;0;0;41.5;0;0;7.5;0;0;0;0;0;0.5;0;0;0;0;0;0;0;0;0;0;0
"sp_250";0;0;0;0;0;0;0;0;0;0;0;0;0;0;0;0;0;0;0;0;0;0;0;0;0;0;0;0;0;0;0;0;62.5;0;0;0;0;0;0;0;0;0;0;0;0;0;0;0;0;0;0;0;0;0;0;0;0;0;0;0;0;0;0;0;0.5;0;0;0;0;0;0;0;0;0.1;0;0;0;1;0;0;0.5;0;0;0;0;0;0;0;0;1;0;0;0;0;0;0;0;0;0;0;0;0;0;0;0;0;0;0;0;0;0;0;0;0;0;0;0;0;0;0;0;0;0;0;0;0;0;0;0;0;0;0;0;0;0;0;0;0;0;0;0;0;0;0;0;0;0;0;0;0;0;0;0;0;0;0;0;0;0;0.5;0;0;0;0;0;3;0;0;0;0;0;0;0;0;0;0;0
"sp_251";0;0;7.5;0;0;0;0;0;0;0;0;0;0;0;0;0;0;0;0.1;0;0;0;0;0;0;0;0;0;0;0;0;0;3;0;0;0;0;0;0;0;0;0;0;0.1;0;0;3;0;0;0;0;0;3;0;0;0;0;0;0;0;0;0;0;0;0;0;0;0;0;0;0;0;0;0.5;0;3;0;0;0;0;0;0;0;0;0;0;0;0;0.5;0;0;0;0;0;0;0;0;0;0;0;0;3;0;0;0;0;0;0;0;0;0;0;0;0;0;0;0;0;0;0;0;0;0;0;0;0;7.5;0;0.5;0;0;0;0;0;0;0;0;0;0;0;0;0;0;0;0;0;0.5;0;0;0;0;0;0;0;0;0;7.5;0;0;3;0;0;0;0;0;41.5;0;0;0;0;0;0;0;0;0;0;0
"sp_252";0;0;0;0;0;0;1;0;0;0;0;0;0.5;0;0;0;0;0;7.5;0;0;0;0;0.5;0;0;0;0;7.5;0;0;0;0;0;0;0;0;0;0;0;0;0;7.5;0;7.5;0;0;0;0;0;0;0;7.5;0.1;0;0.5;0;0;0;0;0;0;0;3;0;0;0;0;0.5;0;3;0;0;0;0;17.5;0;0;0;0;0;0;0;3;0;0;0;0;0;0;0;0;0;0;0;0;0;0;0.5;0.5;0;0;0;0;0;0;0;0;7.5;0;0;3;0;0;0;0;0;0;0;0;0;0.5;1;0;0;0;0;0;0;0;0;0;0;0;0;0;0;0;0;0;0;0;0;0;0;0;0;0;0;0;0.5;0;0;3;3;0;0;0;0;0;0;0;0;0;0;0;0;0;0;0;0;0;0;0;0;0;0
"sp_265";0;0;0.5;0;0;0;0;0;0;0;0;0;0;0;0;0;0;0.5;0.5;0;0;0;0;0;0;0;0;0;0;0;0;7.5;0;0;0;0;0;0;0;0;0;0.5;0;0.1;0.5;0;1;0;0;0;0.5;0;0;0;0;0;0.1;0;0;0.1;0;0;0;0;3;0;0;0;0;0;0;0.5;0;0.5;0;0;0;0;0;0;3;3;0;0;0;0.5;0;0.1;0.5;0.1;0;0;0;0;0;0;0;0;0.5;0.5;0;3;0;0;0;0;0;0;0;1;0;0;0;0;0;0;0.5;0;0;0;0;0;0;0;0;0;3;0;0;0;0;0;0.5;0;0;0;0;0;0;0;0;0.5;0;0;0;0;0.5;0;0;0;0;0;0;0.1;0;0;7.5;0;0;17.5;0;0;0;0;0.5;29;0;0;0;0;0;0;0;0.1;0;0;0
"sp_266";0;0;1;0;0;0;0;0;0;0;0;0;0;0;0;0;0;0;0.1;0;0;0;0;0;0;0;0;0;0;0;0;3;0;0;0;0;0;0;0;0;0;0.5;0;0;3;0;3;3;0;0.1;0;0;3;0;0;0;0;0;0;0;0;0;0;0;0.5;0;0;0;0;0;0;0.5;0;0.5;0;0.1;0;1;0;0;0;3;0;0;0;0;0;0;0.5;3;0;0;0;0;0;0;0;0;0.5;3;0;1;0;0;0;0;0;0;0;0;0;0;0;0;0;0;1;0;0;0;0;0.5;0;0;0;0;17.5;0;0;0;0;0;0;0;0;0;0;0;0;0;0;0.5;0;0;0;0;0;0;0;0;0;0;0;3;0;0;7.5;0;0;7.5;0;0;0;0;0;41.5;0;0;0.5;0;0;0;0.5;0.1;0;0;0
"sp_268";0;0;7.5;0;0;0;0;0;0;0;0;0;0.5;0;0.5;0;0;0;3;0;0;0;0;0;0;0;0;0;0;0;3;0;0;0;0;0;0;0;0;0;0;0;0;3;17.5;0;0;0;0;0;0;0;3;0;0;0.1;0;0;0;1;0;0.1;0;0;0;0;0;0;0;0;0;0;0;0;0;0.5;0;0;3;0;0;0;0;0;0;0;3;0.5;0;0;0;0;0.5;0;0;0;0;0;0.5;3;0;0;0;0;0;0;0;0;0;0;0;0;0;0.5;0;0;0;0;0;0;0;0.5;1;0;0;3;0;0;0;0.5;0;0;0;0.5;0;0.1;0;0;0;0.5;0;0;0;0;0;0.1;0;0;0;0;0;0;0;17.5;0;0;7.5;0;0;17.5;0;0;0;0;0;0.5;0;0;0;3;0;0;0;0;0;0;0.1
"sp_269";0;0;0.5;0;0;0;0;0;0;0;0;0;0.5;0;0;0;0;0;0.5;0;0;0;0;0;0;0;0;0;0;1;0;0;0;0;0;0;0;0;0;0;0;0;0;0;17.5;0;3;1;0;0;0;0;0.5;0;0;3;0;0;0;0.1;0;0;0;0;0;0;0;3;0;0;0;0;0;0;0;0.5;0;0.1;0;0;3;0;0;0;0;0;0;0;0;0;0;0;0.1;0;0;0;0;0;0.5;0.5;0;0;0;0;0;0;0;0;0;3;0;0;0;0;0;0;3;0;0;0;0;0.5;3;0;0;0;0;0;0;0;0.5;0;1;0.5;0;0;0;0;0;0;0;0;0;0;0;0;0;0;0;0;0;0;0;7.5;0;0;3;0;0;17.5;0;0;0;0;0;3;0;0;0;0;0;0;0;0.1;0;0;0
"sp_272";0;0;0;0;0;0;0;3;0;0;0;0;0;0;0;0;0;0;0.5;0;0;0;0;0;0;0;0;0;0;0;0;0;0.5;0;0;0;0;0;0;0;0;0;0;0;0;0;0;0;0;0;0;0;0;0;0;7.5;0;0;0;0;0;0.1;0;3;0;0;0;1;0;0;0;0;0;0;0;17.5;0;3;0;0;0;0;0;0;0;0;0;0;1;0;0;0;0;0;0;0;0;0;0;0;0.5;0;0;0;0;0;0;0;0;0.5;0;3;0;0;0;0;0;0;0;0;0;0;1;0;0;0;0;0;0;0;0;0;0;0;0;0.1;0;0;0;0.5;0;0;0;0;0;0;0;0;0;0;0;0;0;17.5;0;0;7.5;0;0;0;0;0;0;0;0;0;0;0;0;0;0;0;0;0;0;0;0
"sp_273";0;0;7.5;0;0;0;0;0.5;0;0;0;0;3;0;0;0;0;0;0.1;0;0;0;0;0.5;0;0;0;0;0;0;1;0;0;0;0;0;0;0;0;0;0;0.1;0;0.5;3;0;1;0;0;0;0;0;3;0;0;3;0;0;0;0;0;0;0;0;0;0.1;0;0;0;0;0;0;0;0;0;3;0;0.1;0;0;0;1;0;0.5;0;0;0.1;3;0;0;0;0;0.1;0;0;0;0;0;0;0;0;0;0;0;0;0;0;0;0;1;0;0;0;3;0;0;0;0;0;0;0;0.5;1;0;0.5;3;0;0;0;0;0.5;0;0;0;0;0;0;0;0;0.5;0;0;0;0;0;0.1;0;0;0;0;0.5;0;0;17.5;0;0;29;0;0;7.5;0;0;0;0;0.1;3;0;0;3;3;0;0;0;0;0;0;0
"sp_275";0;0;3;0;0;0;0;0;0;0;0;0;3;0;0;0;0;1;3;0;0;0;0;0.5;0;0;0;0;0;0;1;0;7.5;0;0;0;0;0;0;0;0.1;0;0;0;3;0;0;0;0;0;0;0;7.5;0;0;7.5;0;0;0;0.5;0;0;0;0;0.5;0;0;0;0;0;0;0;0;0;0;17.5;0;0;0;0;3;0;0;0;0;0;0.5;3;0;0;0.1;0;0;0;0;0;0;0;0;1;0.5;0;0;0;0;0;0;0;0;0;0;3;0;0;0;0;0;0;0;0;0;0.5;1;0;0;0;0;0;0;0.5;0;0;0;0;0;0;0;0;0;3;0;0;0;0;0;0.1;0;0;0;0;0.1;0;0;0;0;0;7.5;0;0;3;0;0;0;0;0;0;0;0;3;3;0;0;0;0;0;0;0
"sp_281";0;0;0.5;0;0;0;0;0;0;0;0;0;0;0;0;0;0;0;3;0;0;0;0;0;0;0;0;0;0;0;0;0;0;0;0;0;0;0;0;0;0;0;0;0;0;0;0;0;0;0;0;0;0;0;0;0.5;0;0;0;3;0;0;0;0.5;0;0.5;0;0;0;0;0;0;0;0.5;0;0;0;17.5;0;0;1;0;0;0;0;0;0;0;0.5;0;0;0;0;0;0;0;0;0;0;3;0;0;0;0;0;0;0;0;0;0.5;0;3;0;0;0;0;0;0;0;0;0;0;1;0;0;0;0;0;0;0;0;0;0;0;0;0;0;0;0;0;0;0;0;0;0;0;0.5;0;0;0;0;0;0;7.5;0;0;0.5;0;0;0;0;0;0;0;0.1;3;0;0;0;0;0;0;0;0.1;0;0;0
